season,Team,Conf,3P%,2P%,FT%,Blk%,Stl%,NST%,A%,3PA%,AdjOE,col_11,col_12,col_13,col_14,col_15,col_16,col_17,col_18,col_19,2P Dist,col_20,col_21
2026,Belmont,MVC,41.0,1,60.6,6,68.6,308,171,9.7,215,,8.4,315,5.4,86,61.9,18,45.7,50,9.4,120.7,38
2026,Saint Louis,A10,40.5,2,58.9,15,74.4,104,287,10.3,270,,7.1,173,3.8,1,60.2,30,45.1,64,10.7,119.5,51
2026,Yale,Ivy,39.9,3,54.0,87,75.9,55,163,7.7,29,,6.2,65,5.5,112,55.7,95,36.0,251,9.2,121.1,35
2026,Tulsa,Amer,39.4,4,54.3,82,78.3,14,205,9.1,130,,6.2,59,5.1,48,55.8,92,46.5,39,9.6,121.2,34
2026,Texas Tech,B12,39.3,5,53.6,99,71.5,226,22,8.8,105,,7.0,164,6.2,229,55.5,101,48.0,25,7.3,125.1,12
2026,Liberty,CUSA,39.2,6,60.8,5,70.7,247,303,8.1,42,,5.7,20,4.8,20,61.4,22,48.6,23,11.0,117.6,58
2026,Colorado St.,MWC,39.1,7,57.3,26,77.1,32,125,10.4,279,,8.1,284,5.4,93,63.0,11,49.0,19,8.7,118.9,52
2026,Arkansas,SEC,38.9,8,55.6,47,74.7,97,14,6.7,3,,5.6,14,6.3,256,52.9,167,33.4,311,6.7,127.7,6
2026,Boston University,PL,38.8,9,56.9,35,73.4,157,141,10.8,312,,6.8,139,6.0,189,53.6,142,43.8,94,8.9,111.8,123
2026,N.C. State,ACC,38.8,10,53.1,128,76.8,37,168,7.3,13,,5.8,34,6.2,224,54.8,118,43.9,90,9.3,124.1,20
2026,Penn,Ivy,38.7,11,46.2,346,69.5,284,178,8.7,89,,6.7,132,6.6,293,52.7,172,35.0,274,9.4,107.4,204
2026,Iowa St.,B12,38.7,12,55.5,49,67.2,340,197,9.8,227,,5.3,9,5.5,108,58.4,52,38.8,196,9.6,123.8,21
2026,Saint Mary's,WCC,38.6,13,50.3,247,81.1,1,145,8.1,41,,8.4,320,6.0,183,58.0,55,36.1,246,9.0,120.3,43
2026,Akron,MAC,38.5,14,59.1,12,75.3,73,69,8.8,99,,6.7,127,5.5,105,57.4,64,45.1,65,8.1,118.8,54
2026,Cornell,Ivy,38.3,15,59.7,10,74.0,136,196,9.1,138,,6.8,144,4.6,12,66.6,4,51.6,8,9.6,119.8,47
2026,UCLA,B10,38.2,16,52.0,167,76.7,41,68,7.3,10,,6.1,48,7.8,359,59.4,40,35.9,255,8.1,123.7,22
2026,Bellarmine,ASun,38.1,17,61.0,3,78.8,7,157,9.1,132,,6.4,81,4.8,23,53.4,149,41.2,145,9.1,116.5,72
2026,Robert Morris,Horz,38.0,18,53.5,105,69.4,292,237,10.3,269,,8.3,303,6.0,177,62.8,12,40.7,154,10.0,110.8,139
2026,Purdue,B10,37.9,19,58.1,20,74.3,113,12,7.8,33,,5.7,26,7.3,345,66.8,3,40.9,148,6.6,131.6,1
2026,Buffalo,MAC,37.9,20,54.1,85,73.6,153,65,9.8,224,,6.4,77,5.9,159,54.4,127,45.5,56,8.1,112.5,114
2026,St. Bonaventure,A10,37.7,21,50.5,235,74.9,90,55,9.4,181,,7.3,198,6.6,284,54.8,120,31.0,340,7.9,113.7,99
2026,Cleveland St.,Horz,37.5,22,52.0,168,76.2,50,364,9.5,199,,8.3,307,5.7,132,57.9,59,50.8,10,14.4,109.4,165
2026,Miami OH,MAC,37.5,22,61.5,2,75.0,83,51,8.7,90,,5.8,30,5.2,71,51.0,218,44.6,77,7.8,116.8,70
2026,SMU,ACC,37.4,24,55.5,48,74.1,122,36,9.4,183,,6.4,84,6.7,311,55.1,111,36.0,250,7.6,122.9,26
2026,UC Santa Barbara,BW,37.4,25,53.6,101,77.5,22,231,10.7,298,,8.1,282,5.9,173,54.6,123,44.1,86,9.9,113.7,97
2026,Sam Houston St.,CUSA,37.3,26,50.4,244,72.0,207,80,9.0,126,,7.7,242,5.9,162,52.1,189,36.0,252,8.3,113.5,102
2026,Richmond,A10,37.1,27,50.5,232,75.2,75,44,7.8,31,,6.5,94,7.0,325,54.5,125,42.6,125,7.7,111.3,130
2026,Toledo,MAC,37.0,28,54.0,88,75.4,66,105,9.0,122,,5.7,21,6.3,244,53.0,164,32.5,323,8.5,114.5,90
2026,Hofstra,CAA,36.8,29,48.6,295,75.9,54,281,7.7,26,,8.5,323,7.2,340,48.5,277,43.1,106,10.6,114.6,89
2026,Delaware,CUSA,36.8,30,51.7,185,78.6,10,267,11.4,343,,6.8,140,6.2,241,52.3,184,46.2,44,10.4,104.4,262
2026,Denver,Sum,36.8,31,52.6,147,77.1,31,52,8.4,66,,5.9,35,6.7,302,40.2,362,38.6,199,7.9,116.0,76
2026,Oklahoma,SEC,36.8,32,55.0,60,74.5,101,232,8.2,53,,6.2,60,6.3,251,50.2,238,43.8,92,9.9,124.2,18
2026,Marshall,SB,36.8,33,54.7,68,73.0,169,71,10.1,250,,6.5,89,7.2,341,56.6,77,44.3,82,8.1,112.0,118
2026,UT Rio Grande Valley,Slnd,36.8,34,54.5,76,76.3,46,257,9.7,222,,8.7,334,5.6,124,59.9,35,43.7,98,10.2,111.0,136
2026,VCU,A10,36.7,35,53.3,116,73.9,139,143,9.0,125,,6.1,54,4.6,13,52.7,171,43.8,95,8.9,119.9,46
2026,Montana,BSky,36.6,36,56.5,39,77.3,27,122,11.3,339,,8.3,302,6.1,195,55.1,113,41.8,136,8.7,106.7,217
2026,Xavier,BE,36.5,37,49.8,266,72.9,176,253,8.2,49,,5.7,29,6.9,319,62.2,16,40.6,156,10.2,116.9,69
2026,Washington St.,WCC,36.5,38,54.6,72,74.5,102,198,10.1,248,,8.4,317,6.1,196,51.6,196,44.8,72,9.6,113.9,96
2026,Lehigh,PL,36.5,39,52.4,154,72.9,171,42,12.0,353,,5.5,12,7.1,334,54.3,131,38.2,207,7.7,102.7,290
2026,Wagner,NEC,36.5,40,46.7,337,72.6,185,270,10.7,300,,7.9,265,6.1,211,48.9,269,36.2,243,10.5,102.5,293
2026,Green Bay,Horz,36.4,41,55.0,58,77.5,23,165,9.4,172,,6.6,101,5.0,40,54.5,126,37.3,224,9.3,112.5,113
2026,St. Thomas,Sum,36.4,42,63.6,1,68.8,304,49,7.6,19,,6.3,67,4.0,2,57.2,68,46.5,37,7.8,114.0,95
2026,Kansas St.,B12,36.4,43,52.4,153,71.0,238,306,10.0,244,,7.4,210,5.6,117,57.7,62,41.0,146,11.0,113.2,103
2026,Providence,BE,36.4,44,55.3,54,75.7,60,114,10.4,274,,6.3,72,5.7,134,47.5,294,40.5,157,8.6,121.1,36
2026,California,ACC,36.3,45,50.5,233,77.4,25,314,7.6,20,,7.4,212,6.6,299,53.8,138,42.7,122,11.2,114.1,93
2026,Nevada,MWC,36.2,46,47.5,324,75.2,74,193,8.7,93,,6.2,61,6.7,309,57.2,66,32.3,325,9.5,115.7,79
2026,Texas A&M,SEC,36.2,47,54.1,84,73.7,148,327,8.9,113,,5.6,19,4.2,5,61.3,23,46.3,42,11.5,119.7,49
2026,UCF,B12,36.2,48,52.1,165,74.0,137,148,8.3,61,,7.4,204,6.2,232,53.6,141,34.4,286,9.0,120.5,40
2026,Dartmouth,Ivy,36.1,49,49.4,273,74.2,118,248,10.5,281,,7.2,184,5.9,165,53.9,136,48.7,22,10.1,104.7,257
2026,Wright St.,Horz,36.1,50,54.5,75,74.5,103,146,9.8,225,,6.5,90,5.1,49,47.0,302,33.7,305,9.0,112.1,117
2026,LIU,NEC,36.1,51,52.9,133,66.8,344,72,10.5,283,,8.5,329,5.5,97,49.7,245,29.0,355,8.1,105.6,239
2026,Montana St.,BSky,36.1,52,53.1,127,74.0,131,29,7.9,34,,6.9,146,6.5,283,39.9,363,44.7,75,7.5,111.0,135
2026,Wisconsin,B10,36.1,53,54.8,63,78.6,12,349,6.5,1,,6.3,70,5.2,67,57.3,65,52.6,6,12.5,125.3,11
2026,Incarnate Word,Slnd,36.1,54,47.7,317,71.2,231,218,9.3,158,,7.9,258,6.6,298,44.2,345,39.1,189,9.8,108.8,177
2026,New Mexico,MWC,36.1,55,53.3,120,72.3,194,121,8.6,84,,6.7,115,5.0,37,52.6,178,41.8,140,8.7,117.1,64
2026,Columbia,Ivy,36.1,56,53.3,115,70.3,264,235,10.1,251,,9.4,352,5.5,99,53.6,145,37.5,221,9.9,108.5,182
2026,Arizona,B12,36.0,57,55.4,51,73.4,156,86,8.4,68,,6.7,129,5.8,144,55.4,103,26.8,362,8.3,127.7,5
2026,Ohio St.,B10,36.0,58,58.2,19,77.5,21,139,8.1,43,,7.4,206,6.2,230,51.4,203,40.1,169,8.8,124.3,17
2026,Michigan,B10,36.0,59,61.0,4,74.7,95,179,9.0,120,,7.8,249,4.8,24,60.7,28,41.8,138,9.4,126.6,8
2026,Navy,PL,36.0,60,52.9,136,73.7,147,40,9.2,151,,7.6,234,6.6,292,61.8,19,33.1,315,7.7,107.4,203
2026,Stetson,ASun,36.0,61,52.5,152,69.2,294,46,11.5,344,,6.7,118,6.0,178,58.5,50,44.7,74,7.7,105.2,248
2026,Stephen F. Austin,Slnd,36.0,62,50.2,249,68.7,306,249,8.0,37,,6.2,56,6.4,262,48.9,267,39.6,179,10.1,112.6,110
2026,Virginia,ACC,35.9,63,55.3,53,72.6,180,192,9.5,192,,6.5,87,5.1,53,59.1,42,46.5,38,9.5,122.5,27
2026,Old Dominion,SB,35.9,64,48.8,288,73.3,161,304,9.2,148,,6.3,68,7.0,330,49.0,265,36.3,242,11.0,106.0,229
2026,Eastern Washington,BSky,35.9,65,53.6,97,74.3,115,59,10.6,291,,7.1,168,6.6,288,49.0,264,34.7,280,7.9,113.1,106
2026,Michigan St.,B10,35.9,66,53.4,108,76.3,48,74,9.7,218,,7.4,207,7.4,349,67.0,2,36.4,240,8.1,123.0,24
2026,UMBC,AE,35.9,67,54.0,90,76.4,43,10,8.0,38,,6.1,51,6.4,265,45.0,335,38.8,195,6.5,108.2,183
2026,Queens,ASun,35.9,68,59.0,13,74.9,92,156,9.1,128,,5.8,32,4.6,14,54.5,124,46.8,35,9.1,115.8,77
2026,Pacific,WCC,35.8,69,51.3,202,75.5,65,277,9.9,236,,10.2,362,5.2,69,58.0,56,35.3,267,10.6,110.7,142
2026,Bradley,MVC,35.8,70,49.2,279,74.1,126,135,7.1,6,,6.8,136,6.1,209,50.7,225,40.4,162,8.8,111.7,125
2026,Alabama,SEC,35.8,71,57.3,27,76.5,42,343,8.5,75,,4.5,2,5.1,45,53.5,147,53.7,1,12.1,129.0,3
2026,Central Connecticut,NEC,35.8,72,50.5,231,76.7,38,11,9.6,208,,6.6,104,7.3,348,50.9,219,34.9,277,6.5,104.7,259
2026,North Dakota St.,Sum,35.7,73,53.2,126,71.6,217,147,9.2,152,,6.4,76,5.4,91,53.0,159,42.7,121,9.0,111.7,124
2026,Sacred Heart,MAAC,35.7,74,50.4,243,78.0,19,166,10.2,255,,7.5,228,6.1,216,58.6,49,50.7,13,9.3,107.2,207
2026,Lipscomb,ASun,35.7,75,54.5,74,74.9,88,247,9.4,170,,6.6,114,4.5,8,62.3,15,47.9,26,10.1,106.9,214
2026,Louisville,ACC,35.7,76,59.7,9,76.9,34,347,9.2,147,,7.2,180,4.7,18,59.5,38,52.8,4,12.4,124.1,19
2026,Jacksonville St.,CUSA,35.7,77,47.4,327,68.4,314,207,9.0,123,,8.0,277,5.5,103,49.6,249,38.1,210,9.7,105.1,253
2026,Charleston Southern,BSth,35.6,78,54.6,69,64.8,360,241,10.6,296,,7.9,263,4.9,32,54.9,116,49.5,16,10.0,105.7,236
2026,Northern Arizona,BSky,35.6,79,50.7,227,68.9,303,142,8.4,69,,7.6,231,6.0,192,51.0,217,36.7,236,8.9,105.1,254
2026,UNC Greensboro,SC,35.6,80,51.0,214,70.4,255,154,8.7,88,,6.3,66,6.2,228,46.9,304,40.2,165,9.1,107.6,198
2026,Colgate,PL,35.6,81,53.2,124,74.7,99,6,8.4,70,,6.2,63,6.5,278,51.4,204,35.0,273,6.3,107.7,195
2026,Notre Dame,ACC,35.6,82,51.4,200,69.7,279,131,9.1,133,,7.9,255,6.4,264,47.4,295,43.5,101,8.8,115.5,80
2026,Samford,SC,35.6,83,52.8,143,69.2,295,259,7.6,21,,5.8,31,5.6,114,55.2,109,45.7,52,10.2,109.6,160
2026,Mercer,SC,35.6,84,53.0,132,73.0,168,70,8.8,102,,6.2,62,6.2,235,46.2,313,39.2,188,8.1,111.8,122
2026,Stanford,ACC,35.5,85,50.4,242,73.1,165,172,7.2,7,,8.4,314,5.5,100,46.1,315,44.2,84,9.4,117.1,65
2026,Vanderbilt,SEC,35.5,86,56.8,36,79.3,4,18,7.2,9,,6.1,47,7.2,336,56.2,84,43.6,100,7.1,126.8,7
2026,Iowa,B10,35.5,87,58.9,16,77.0,33,85,8.0,39,,7.2,186,5.2,64,58.0,58,41.8,137,8.3,121.7,31
2026,Virginia Tech,ACC,35.5,88,51.6,191,74.3,114,167,7.8,30,,7.2,179,6.0,186,52.3,187,39.7,176,9.3,117.2,62
2026,Central Arkansas,ASun,35.5,89,54.7,65,70.7,245,284,9.1,137,,6.3,71,4.9,30,58.0,57,48.7,21,10.7,110.2,151
2026,Drexel,CAA,35.5,90,49.0,285,66.5,348,162,11.1,329,,8.0,269,6.1,199,53.6,143,40.0,170,9.2,102.4,296
2026,UNC Wilmington,CAA,35.5,91,49.4,277,69.1,298,59,7.7,25,,7.3,194,5.8,151,51.9,192,38.9,192,7.9,111.9,119
2026,James Madison,SB,35.4,92,53.2,123,70.3,262,310,9.4,180,,7.9,257,5.4,87,48.1,284,42.5,126,11.1,109.1,170
2026,Utah,B12,35.3,93,51.5,196,73.8,146,341,8.7,95,,8.0,276,5.9,175,51.7,194,37.4,222,12.0,114.7,85
2026,Davidson,A10,35.3,94,52.3,158,63.8,365,220,9.2,149,,6.9,150,6.3,246,53.2,153,44.0,88,9.8,109.6,161
2026,Western Michigan,MAC,35.3,95,48.1,305,74.4,105,337,9.5,184,,7.5,218,6.7,307,48.1,285,36.1,247,11.9,107.8,194
2026,Colorado,B12,35.3,96,53.3,119,75.7,62,132,8.3,59,,6.1,55,5.9,172,55.7,96,35.1,271,8.8,118.9,53
2026,Kent St.,MAC,35.3,97,51.0,216,74.4,107,206,9.8,226,,8.3,305,6.0,181,56.6,76,45.0,67,9.7,111.8,121
2026,Little Rock,OVC,35.3,98,47.9,312,68.0,327,2,10.6,289,,7.9,261,7.5,351,51.2,214,31.0,338,5.6,102.7,289
2026,San Jose St.,MWC,35.3,99,47.6,319,73.8,142,89,8.2,54,,6.9,152,6.9,321,42.2,353,38.3,204,8.3,112.1,116
2026,Villanova,BE,35.3,100,54.4,79,69.4,290,32,7.6,24,,7.5,223,6.0,185,56.8,73,45.7,53,7.5,120.4,41
2026,Austin Peay,ASun,35.3,101,53.0,130,73.4,158,128,9.3,161,,6.1,46,5.3,75,56.0,87,38.0,215,8.7,108.0,187
2026,UNLV,MWC,35.3,102,53.6,103,68.4,318,63,8.9,114,,8.0,278,6.0,179,51.4,205,35.9,254,8.0,115.0,84
2026,Nebraska,B10,35.3,103,58.1,21,75.0,84,158,7.4,17,,7.0,157,5.4,83,65.5,6,50.7,11,9.2,118.5,55
2026,Massachusetts,MAC,35.2,104,53.2,122,67.3,338,35,10.2,259,,7.7,241,5.6,125,58.4,53,35.4,266,7.6,108.7,178
2026,Connecticut,BE,35.2,105,57.1,33,71.6,218,209,8.8,103,,8.0,275,5.5,110,65.0,7,40.3,164,9.7,122.0,30
2026,Charlotte,Amer,35.2,106,53.8,91,71.6,221,186,9.9,237,,8.1,288,5.5,111,51.6,195,45.4,59,9.5,113.0,107
2026,Iona,MAAC,35.1,107,51.2,207,70.7,249,309,10.7,299,,6.5,97,5.6,116,53.7,140,45.9,48,11.1,104.0,270
2026,Utah St.,MWC,35.1,108,59.3,11,70.6,250,236,8.2,51,,7.2,178,5.0,44,59.8,36,40.7,153,9.9,122.1,28
2026,Duke,ACC,35.1,109,60.1,8,72.4,190,163,9.4,175,,6.3,69,4.8,21,59.2,41,44.4,81,9.2,128.0,4
2026,Georgia Tech,ACC,35.1,110,48.7,291,71.1,232,294,11.3,336,,7.4,202,6.1,208,59.9,34,33.2,314,10.8,107.7,197
2026,UNC Asheville,BSth,35.1,111,50.1,251,68.4,319,39,9.3,159,,8.1,286,6.7,306,40.4,359,33.6,307,7.7,104.7,258
2026,Eastern Kentucky,ASun,35.0,112,51.6,189,72.4,191,95,10.3,273,,6.6,103,6.1,202,53.3,152,50.8,9,8.4,109.1,172
2026,Detroit Mercy,Horz,35.0,113,48.1,306,78.9,5,61,8.9,108,,7.1,172,7.6,354,48.5,278,30.8,344,8.0,107.9,190
2026,Utah Tech,WAC,35.0,114,53.7,92,72.6,183,23,10.2,256,,7.5,220,6.5,271,53.2,154,38.2,206,7.3,110.9,138
2026,George Washington,A10,35.0,115,56.5,41,71.8,214,245,11.2,333,,6.7,128,4.4,7,55.1,110,46.7,36,10.1,117.6,59
2026,Alabama A&M,SWAC,35.0,116,47.5,321,73.8,143,104,8.9,107,,7.6,240,7.0,323,48.0,287,34.0,294,8.5,104.0,269
2026,Oregon St.,WCC,35.0,117,48.8,287,77.2,29,168,10.7,306,,7.0,159,6.2,240,61.2,24,44.3,83,9.3,109.2,167
2026,Missouri,SEC,35.0,118,56.9,34,68.6,309,221,9.5,198,,8.4,321,5.0,42,50.6,230,36.0,248,9.8,119.5,50
2026,Chattanooga,SC,35.0,119,55.8,44,77.4,26,41,8.3,60,,6.1,45,6.5,274,55.6,98,49.2,18,7.7,105.4,246
2026,North Florida,ASun,35.0,120,53.4,107,77.8,20,352,11.2,332,,6.7,120,5.7,130,50.6,226,51.7,7,12.6,106.9,213
2026,Wofford,SC,35.0,121,52.5,151,70.9,241,185,8.1,44,,5.3,10,5.1,52,51.2,213,43.1,110,9.5,109.1,169
2026,Northern Colorado,BSky,35.0,122,58.1,22,75.8,59,21,8.6,78,,6.9,149,5.0,41,53.3,151,41.5,142,7.2,112.3,115
2026,Kansas,B12,35.0,123,51.1,211,76.7,39,82,9.6,204,,5.9,37,6.1,219,53.3,150,35.7,258,8.3,118.3,57
2026,Texas A&M Corpus Chris,Slnd,35.0,124,48.1,307,67.4,333,329,10.6,292,,8.8,336,6.0,180,50.7,222,31.4,334,11.6,104.8,256
2026,SIUE,OVC,35.0,125,47.8,314,67.1,343,140,10.6,294,,7.3,193,6.7,310,50.9,220,36.2,244,8.9,99.5,331
2026,Texas,SEC,34.9,126,55.3,55,75.3,71,273,9.2,143,,6.1,49,6.2,234,43.1,349,36.2,245,10.5,125.0,13
2026,Houston,B12,34.9,127,51.9,170,77.2,30,7,7.0,5,,6.0,38,8.2,364,52.9,168,40.8,152,6.4,124.9,14
2026,Northern Iowa,MVC,34.9,128,55.3,52,69.7,278,67,8.9,115,,5.6,17,6.1,218,57.1,69,39.6,178,8.1,110.0,153
2026,BYU,B12,34.9,129,56.2,42,74.6,100,58,8.9,110,,6.4,85,5.7,138,45.4,327,39.8,173,7.9,125.5,10
2026,Santa Clara,WCC,34.9,130,56.5,39,74.0,138,93,9.2,150,,6.4,82,5.1,47,55.0,114,45.0,68,8.4,123.6,23
2026,Stony Brook,CAA,34.8,131,48.5,299,72.3,195,331,10.2,257,,6.6,113,6.6,294,52.4,183,45.8,49,11.7,105.2,252
2026,Illinois St.,MVC,34.8,132,54.6,70,70.9,239,120,8.8,104,,8.0,273,5.9,169,50.2,239,42.4,127,8.7,110.5,146
2026,Murray St.,MVC,34.8,133,55.0,59,75.7,61,75,9.4,176,,6.7,133,5.5,109,49.3,258,44.8,73,8.2,116.3,73
2026,Loyola Marymount,WCC,34.8,134,51.6,186,69.5,281,24,9.0,127,,8.5,325,6.9,317,49.3,259,40.4,161,7.3,106.5,222
2026,Oakland,Horz,34.7,135,53.0,129,75.1,78,333,7.6,23,,7.1,169,5.2,70,54.8,119,34.0,293,11.7,115.2,82
2026,Minnesota,B10,34.7,136,56.1,43,70.0,271,340,8.8,96,,7.8,253,5.3,74,72.0,1,47.2,31,12.0,114.6,88
2026,Miami FL,ACC,34.7,137,57.3,29,68.5,311,255,9.7,210,,6.5,91,5.4,80,53.5,146,31.6,332,10.2,121.4,33
2026,Howard,MEAC,34.7,138,49.9,262,74.2,117,307,8.5,74,,11.3,365,5.4,92,61.1,25,34.3,288,11.1,103.1,283
2026,East Tennessee St.,SC,34.7,139,57.2,30,74.7,94,31,8.5,76,,6.6,108,5.8,145,50.8,221,37.8,216,7.5,109.7,159
2026,Illinois,B10,34.7,140,58.2,18,78.9,6,101,8.2,48,,5.1,6,5.0,38,51.2,211,50.7,12,8.5,131.2,2
2026,Harvard,Ivy,34.7,141,54.0,89,80.8,2,26,10.2,261,,7.2,185,6.4,263,56.1,86,40.2,166,7.4,106.6,218
2026,FIU,CUSA,34.7,142,49.9,260,69.4,288,92,11.1,327,,6.6,109,6.2,238,49.7,247,32.7,320,8.4,107.4,202
2026,Southern,SWAC,34.7,143,47.8,315,69.5,287,233,8.8,101,,7.7,246,6.5,275,52.6,176,32.2,327,9.9,104.6,260
2026,Indiana,B10,34.7,144,60.3,7,78.0,18,250,8.2,50,,6.9,147,5.4,81,62.5,13,50.5,15,10.1,120.3,42
2026,San Francisco,WCC,34.6,145,50.7,223,70.9,240,126,9.2,153,,6.6,106,6.1,193,55.6,99,46.1,45,8.7,113.6,100
2026,San Diego,WCC,34.6,146,50.8,220,74.7,96,244,10.0,242,,7.5,227,6.5,276,59.1,43,43.7,99,10.1,108.2,184
2026,Creighton,BE,34.5,147,54.3,81,76.0,53,279,10.2,258,,6.4,78,6.2,221,58.4,51,48.2,24,10.6,116.2,74
2026,Idaho,BSky,34.5,148,52.0,169,72.9,173,155,8.9,109,,6.1,50,5.8,153,44.5,340,46.8,34,9.1,108.8,176
2026,Weber St.,BSky,34.5,149,51.6,188,72.9,172,300,9.0,119,,6.7,131,5.2,65,45.9,318,32.8,319,11.0,111.6,129
2026,San Diego St.,MWC,34.5,150,53.2,125,73.0,167,4,9.7,223,,7.5,221,7.1,331,54.4,129,33.8,300,6.2,113.2,104
2026,Baylor,B12,34.5,151,55.2,56,73.3,162,138,9.9,231,,6.6,102,5.9,161,53.0,165,39.6,180,8.8,122.9,25
2026,South Alabama,SB,34.5,152,53.2,121,65.7,356,320,8.4,65,,4.7,3,5.2,62,45.6,326,36.6,237,11.3,107.0,212
2026,North Carolina,ACC,34.5,153,56.7,37,68.4,316,144,8.4,63,,5.7,22,5.9,158,57.0,71,42.3,131,9.0,121.4,32
2026,Wake Forest,ACC,34.4,154,53.3,118,77.4,24,96,8.9,112,,6.5,86,6.3,249,53.2,157,43.7,97,8.4,117.0,68
2026,Bowling Green,MAC,34.4,155,51.9,172,72.3,193,222,9.0,118,,7.6,233,4.8,27,48.5,276,34.2,289,9.8,107.2,206
2026,High Point,BSth,34.4,156,57.1,32,74.2,116,269,6.9,4,,6.2,58,5.2,66,52.7,173,42.9,115,10.4,117.0,66
2026,UC Davis,BW,34.4,157,51.9,173,75.3,70,260,9.2,146,,8.7,333,6.4,268,59.9,32,43.5,102,10.3,108.0,188
2026,Boise St.,MWC,34.3,158,52.7,144,78.7,9,225,8.6,81,,8.4,312,5.4,84,49.3,257,43.1,112,9.8,117.0,67
2026,Le Moyne,NEC,34.3,159,53.5,106,71.8,215,184,11.1,326,,8.0,280,5.2,68,56.5,80,40.8,151,9.5,102.0,301
2026,Rice,Amer,34.3,160,46.2,345,68.1,326,293,11.0,319,,6.9,151,6.9,318,46.2,311,44.1,85,10.8,108.6,180
2026,Elon,CAA,34.3,161,52.8,142,71.4,227,321,9.4,174,,6.5,93,4.9,28,54.6,122,43.2,105,11.3,110.1,152
2026,Monmouth,CAA,34.2,162,48.7,292,75.0,84,117,9.1,134,,7.5,226,6.7,312,53.9,135,34.4,287,8.7,106.1,227
2026,Norfolk St.,MEAC,34.2,163,48.4,301,68.1,323,291,10.7,308,,8.0,270,6.3,247,45.9,319,30.6,348,10.8,101.4,308
2026,Saint Francis,NEC,34.2,164,47.5,325,69.5,283,289,9.3,165,,9.1,349,6.3,250,51.6,200,37.8,217,10.8,99.5,330
2026,Cal St. Fullerton,BW,34.2,165,51.4,199,71.6,220,106,8.2,47,,7.0,166,5.7,128,55.2,107,43.1,107,8.5,109.4,166
2026,Dayton,A10,34.1,166,52.1,166,75.1,81,326,10.2,262,,7.2,181,4.9,31,59.9,33,41.5,141,11.4,110.6,145
2026,Kentucky,SEC,34.1,167,54.4,80,72.8,177,124,9.5,189,,5.6,13,6.1,213,56.9,72,39.2,187,8.7,120.5,39
2026,Purdue Fort Wayne,Horz,34.1,168,53.7,93,70.7,246,84,7.3,14,,7.2,183,5.2,55,49.8,244,45.4,58,8.3,105.3,247
2026,Clemson,ACC,34.1,169,53.7,94,72.6,182,262,8.4,71,,5.8,33,5.4,82,50.2,236,42.9,117,10.3,116.5,71
2026,Georgia,SEC,34.1,170,57.3,28,75.4,67,202,9.3,168,,4.9,5,5.3,79,48.4,279,43.9,89,9.6,124.7,16
2026,Nebraska Omaha,Sum,34.0,171,53.0,131,73.2,164,274,9.1,129,,7.0,163,5.6,122,46.9,303,40.9,150,10.5,106.1,225
2026,Quinnipiac,MAAC,34.0,172,46.7,336,69.1,297,319,9.4,173,,6.5,88,6.5,282,49.4,255,33.7,303,11.2,104.2,267
2026,Drake,MVC,34.0,173,51.7,184,71.4,228,109,8.8,100,,6.2,57,6.6,295,51.6,199,45.7,51,8.6,109.9,155
2026,South Carolina St.,MEAC,34.0,174,44.8,357,66.8,345,199,10.8,311,,10.0,357,7.7,355,52.6,177,33.3,313,9.6,95.2,357
2026,South Dakota St.,Sum,34.0,175,52.7,146,72.0,208,48,9.5,193,,6.6,110,5.7,137,51.3,208,38.8,194,7.8,108.0,189
2026,Gonzaga,WCC,34.0,176,58.7,17,69.9,274,3,7.5,18,,6.1,52,6.1,210,56.7,74,31.0,339,6.0,122.0,29
2026,Cincinnati,B12,33.9,177,50.2,248,68.1,325,15,8.3,56,,8.7,335,7.2,337,63.7,10,43.8,96,6.8,111.2,131
2026,Princeton,Ivy,33.9,178,48.6,297,74.8,93,261,10.2,264,,6.9,148,6.5,277,55.0,115,44.5,78,10.3,105.4,245
2026,Utah Valley,WAC,33.9,178,57.1,31,68.2,322,50,12.1,354,,8.0,272,5.1,46,61.4,21,32.7,321,7.8,112.8,108
2026,UTEP,CUSA,33.9,180,46.5,341,70.4,258,97,9.4,171,,8.0,274,7.6,353,48.0,288,40.3,163,8.4,100.8,313
2026,UC Irvine,BW,33.9,181,49.2,278,69.5,286,127,9.2,141,,8.7,332,6.2,222,55.1,112,28.2,359,8.7,104.9,255
2026,Valparaiso,MVC,33.9,182,45.8,349,70.9,242,99,7.4,15,,8.3,304,6.9,320,48.8,272,36.8,234,8.5,108.1,185
2026,Central Michigan,MAC,33.9,183,52.2,161,69.7,277,134,11.1,328,,7.0,165,6.2,220,54.9,117,34.0,292,8.8,105.9,230
2026,Middle Tennessee,CUSA,33.8,184,52.3,160,70.2,267,87,9.3,167,,7.8,250,6.9,316,53.4,148,45.3,60,8.3,109.1,171
2026,Oklahoma St.,B12,33.8,185,52.8,139,75.1,79,264,9.1,135,,6.8,145,5.6,120,51.0,216,35.9,256,10.3,120.1,45
2026,Auburn,SEC,33.8,186,53.4,111,74.4,108,350,9.4,177,,5.3,8,5.4,94,45.9,320,39.2,186,12.5,124.8,15
2026,Kennesaw St.,CUSA,33.7,187,50.8,219,70.0,270,356,11.0,322,,5.7,24,5.2,60,51.3,207,42.9,114,13.1,110.6,143
2026,Youngstown St.,Horz,33.7,188,56.6,38,73.3,159,216,10.8,310,,8.0,279,4.3,6,53.8,137,49.5,17,9.7,105.5,243
2026,Cal Baptist,WAC,33.7,189,47.7,318,71.9,213,204,10.0,240,,8.1,287,5.6,126,40.4,361,32.1,328,9.6,107.9,191
2026,Tennessee St.,OVC,33.7,190,49.9,257,76.3,47,33,10.2,265,,6.3,74,7.0,327,45.4,331,30.7,345,7.5,109.1,173
2026,Northeastern,CAA,33.7,191,53.6,100,69.0,299,189,9.3,155,,7.1,171,6.3,253,55.7,97,37.8,218,9.5,107.5,199
2026,Niagara,MAAC,33.7,192,50.5,237,72.2,200,214,10.4,276,,8.5,330,5.5,102,60.0,31,40.5,160,9.7,99.6,327
2026,Louisiana,SB,33.6,193,44.9,356,70.4,259,62,7.8,32,,9.0,342,8.0,363,45.9,317,40.5,159,8.0,100.1,322
2026,Arkansas Pine Bluff,SWAC,33.6,194,49.8,264,75.5,64,122,10.7,304,,8.0,271,6.7,304,56.3,82,37.2,227,8.7,104.0,268
2026,Idaho St.,BSky,33.6,195,52.9,135,74.1,127,136,10.2,260,,6.8,138,5.3,72,46.9,305,41.9,135,8.8,109.5,163
2026,Northern Kentucky,Horz,33.6,196,55.5,49,72.1,206,38,8.8,97,,7.5,225,4.7,15,55.5,100,44.9,71,7.7,109.5,162
2026,Temple,Amer,33.6,197,50.0,252,74.7,98,325,8.1,46,,5.6,15,5.9,176,48.2,281,35.7,257,11.4,111.7,126
2026,Wichita St.,Amer,33.5,198,49.0,283,68.8,305,83,8.6,80,,6.4,83,5.5,106,41.9,354,34.1,290,8.3,112.6,111
2026,Coastal Carolina,SB,33.5,199,46.1,347,73.1,166,37,7.9,36,,7.3,191,7.3,346,40.4,360,43.1,111,7.6,101.8,305
2026,Western Carolina,SC,33.5,200,50.6,229,71.4,229,45,8.9,111,,7.9,256,6.0,187,44.3,341,40.9,149,7.7,109.2,168
2026,Radford,BSth,33.5,201,52.3,156,71.0,233,195,9.7,217,,7.4,201,6.1,200,45.7,323,45.4,57,9.6,106.3,223
2026,Tennessee,SEC,33.4,202,52.2,163,69.4,289,173,10.5,284,,6.6,112,6.0,182,59.7,37,31.7,331,9.4,121.1,37
2026,Arizona St.,B12,33.4,203,51.7,183,75.3,69,202,10.5,280,,6.6,107,6.2,239,53.0,163,38.4,201,9.6,115.8,78
2026,George Mason,A10,33.4,204,54.7,66,72.1,204,212,9.5,194,,6.4,79,6.1,197,50.3,233,35.4,263,9.7,113.1,105
2026,Western Kentucky,CUSA,33.4,205,45.8,348,75.7,63,339,8.4,73,,6.1,42,5.9,170,51.2,212,39.4,183,11.9,108.5,181
2026,Pittsburgh,ACC,33.4,206,51.7,182,67.4,335,160,9.5,187,,7.8,251,5.7,140,52.3,186,42.6,123,9.2,113.7,98
2026,Georgia Southern,SB,33.4,207,52.7,145,74.3,109,159,9.0,124,,5.6,16,5.5,98,41.1,356,48.9,20,9.2,110.2,150
2026,Alcorn St.,SWAC,33.3,208,46.5,343,70.8,244,311,10.5,282,,9.1,344,6.7,301,46.6,307,33.7,302,11.1,96.3,349
2026,Florida Atlantic,Amer,33.3,208,53.6,102,70.3,260,28,10.6,293,,7.0,160,5.8,150,47.1,301,38.2,209,7.4,109.7,158
2026,Vermont,AE,33.3,208,55.7,46,71.9,212,77,8.3,58,,6.0,40,5.8,148,47.9,289,44.6,76,8.3,106.1,226
2026,Furman,SC,33.3,211,59.0,14,69.8,276,290,11.3,340,,6.5,95,4.8,25,55.8,93,46.3,41,10.8,107.5,200
2026,Canisius,MAAC,33.3,212,44.0,360,71.9,211,215,10.5,285,,9.1,345,6.2,237,55.4,104,39.5,181,9.7,95.3,356
2026,Winthrop,BSth,33.3,213,49.6,271,72.9,174,316,7.6,22,,7.1,170,5.3,76,51.4,206,44.0,87,11.2,111.7,127
2026,Nicholls,Slnd,33.3,214,51.2,205,66.2,350,234,9.2,144,,8.2,298,4.9,33,52.1,190,43.9,91,9.9,105.8,235
2026,Fairfield,MAAC,33.2,215,48.2,303,70.5,254,275,8.7,87,,6.7,116,6.2,227,45.2,332,35.4,264,10.5,105.8,234
2026,St. John's,BE,33.2,216,51.6,190,72.7,178,189,8.7,91,,6.0,39,6.0,184,58.2,54,33.8,299,9.5,120.1,44
2026,Northwestern St.,Slnd,33.2,217,48.0,308,74.0,133,201,10.6,297,,7.6,239,6.4,259,50.7,224,34.0,296,9.6,102.2,297
2026,Florida Gulf Coast,ASun,33.2,218,53.3,113,72.1,205,111,9.2,140,,6.8,134,6.6,286,52.0,191,38.4,202,8.6,105.5,242
2026,Troy,SB,33.2,219,53.7,96,73.8,145,296,9.7,214,,7.3,192,4.5,10,57.0,70,45.6,54,10.9,110.7,141
2026,Mississippi,SEC,33.2,220,50.8,218,74.9,89,57,8.6,77,,5.5,11,8.0,362,50.1,240,35.5,261,7.9,114.1,92
2026,West Georgia,ASun,33.1,221,49.6,272,70.4,257,1,9.5,196,,6.3,75,6.8,314,44.3,344,33.0,317,5.6,101.6,307
2026,South Florida,Amer,33.1,222,51.9,178,74.3,110,357,8.7,85,,6.6,98,4.0,3,58.8,47,43.8,93,13.1,117.3,61
2026,TCU,B12,33.1,223,51.6,187,70.8,243,227,8.8,98,,6.7,123,5.9,156,57.6,63,36.9,233,9.8,115.4,81
2026,Prairie View A&M,SWAC,33.1,224,47.1,331,75.2,76,76,8.9,106,,7.1,177,7.1,333,44.1,346,30.9,341,8.2,101.2,310
2026,Duquesne,A10,33.1,225,54.5,77,71.5,222,348,9.8,229,,7.9,259,4.8,22,55.9,90,44.4,80,12.5,110.7,140
2026,Texas Southern,SWAC,33.1,226,49.8,263,71.9,210,42,10.6,295,,7.9,266,6.6,285,43.2,348,32.5,324,7.7,101.7,306
2026,Bethune Cookman,SWAC,33.1,227,51.6,192,69.7,280,16,11.6,346,,7.6,229,6.4,269,50.2,235,29.7,353,7.1,103.6,276
2026,LSU,SEC,33.1,228,54.4,78,76.4,45,66,9.5,197,,6.1,43,6.1,201,52.3,185,34.4,284,8.1,119.8,48
2026,Florida St.,ACC,33.1,229,55.1,57,71.3,230,353,9.4,169,,5.9,36,5.2,56,52.5,180,50.6,14,12.8,118.4,56
2026,Cal Poly,BW,33.0,230,53.7,95,78.5,13,323,9.5,186,,10.4,364,4.5,9,49.5,254,52.6,5,11.4,109.4,164
2026,Southern Utah,WAC,33.0,231,51.4,198,71.5,223,252,12.4,360,,7.9,264,5.9,160,49.6,251,35.5,262,10.2,106.5,219
2026,Northwestern,B10,33.0,232,52.9,134,75.1,80,8,7.3,12,,5.7,28,6.7,308,65.8,5,34.0,295,6.4,117.5,60
2026,William & Mary,CAA,33.0,233,57.9,24,74.9,91,226,9.9,233,,6.7,117,4.6,11,63.8,9,42.8,118,9.8,111.0,137
2026,American,PL,33.0,234,53.3,114,75.8,57,241,8.9,117,,6.7,122,5.6,118,49.5,253,46.5,40,10.0,105.6,240
2026,Missouri St.,CUSA,33.0,235,52.2,162,67.3,337,360,9.6,205,,7.1,176,6.5,272,56.6,78,41.3,144,13.6,108.9,174
2026,Lamar,Slnd,32.9,236,47.0,333,70.7,248,107,11.4,342,,6.6,111,7.4,350,55.4,105,33.9,297,8.5,103.1,284
2026,Wyoming,MWC,32.9,237,54.1,86,75.0,82,313,8.4,72,,8.0,268,5.4,89,53.2,155,43.0,113,11.1,115.1,83
2026,Syracuse,ACC,32.9,238,54.6,71,64.8,361,54,9.9,235,,6.1,41,6.3,252,46.8,306,37.2,226,7.9,114.6,86
2026,Arkansas St.,SB,32.9,239,53.6,98,73.3,160,251,12.2,356,,7.6,236,5.2,58,55.8,94,44.9,70,10.2,110.6,144
2026,West Virginia,B12,32.8,240,52.5,150,67.7,331,317,10.0,247,,7.5,222,5.8,149,53.2,156,42.9,116,11.2,110.0,154
2026,UC San Diego,BW,32.8,241,55.0,61,69.3,293,258,8.7,94,,7.8,248,4.7,17,55.5,102,42.3,130,10.2,107.8,193
2026,Rutgers,B10,32.8,242,46.6,338,74.1,125,219,8.4,64,,6.7,126,7.9,360,50.6,227,34.6,281,9.8,110.5,148
2026,Butler,BE,32.7,243,51.9,176,71.9,209,338,9.5,203,,6.4,80,5.2,61,57.2,67,34.9,275,11.9,116.1,75
2026,Merrimack,MAAC,32.7,244,49.1,281,78.8,8,354,7.2,8,,7.6,237,4.8,26,56.0,88,46.1,46,13.0,106.5,220
2026,Mount St. Mary's,MAAC,32.7,245,51.8,181,67.4,336,103,12.7,362,,9.7,355,5.0,36,55.2,108,42.6,124,8.5,99.4,332
2026,Long Beach St.,BW,32.7,246,51.5,195,72.5,186,19,9.5,200,,8.5,324,7.2,338,46.2,312,34.8,279,7.2,105.6,241
2026,North Dakota,Sum,32.7,247,49.7,268,69.5,285,90,7.3,11,,6.8,135,5.4,90,42.4,352,40.6,155,8.3,106.8,216
2026,Florida A&M,SWAC,32.6,248,49.4,275,70.3,263,211,12.5,361,,9.1,346,6.1,217,52.6,175,37.7,219,9.7,97.9,342
2026,North Carolina Central,MEAC,32.6,249,46.7,335,73.8,140,345,9.4,182,,8.7,331,6.6,297,52.7,170,33.9,298,12.4,100.1,323
2026,Seattle,WCC,32.6,250,49.8,265,70.3,261,181,9.7,213,,7.3,195,5.7,141,52.9,166,39.0,191,9.4,102.2,298
2026,Albany,AE,32.6,251,52.8,141,65.9,354,176,10.4,277,,8.1,289,5.4,85,48.9,266,37.6,220,9.4,103.3,281
2026,Portland St.,BSky,32.6,252,51.5,197,71.0,235,27,9.5,202,,7.4,208,5.6,123,51.2,210,34.4,285,7.4,103.5,277
2026,Loyola MD,PL,32.6,253,51.9,174,71.5,224,79,8.7,86,,6.8,143,5.1,51,48.8,271,47.2,30,8.3,104.2,266
2026,Holy Cross,PL,32.5,254,50.4,246,77.2,28,91,9.7,209,,5.6,18,7.6,352,44.7,337,37.3,225,8.3,100.8,314
2026,Binghamton,AE,32.5,255,50.6,230,75.3,72,137,10.9,316,,7.9,262,5.4,95,48.7,274,30.9,342,8.8,97.6,343
2026,DePaul,BE,32.5,256,50.5,236,69.2,296,295,10.8,313,,6.9,153,5.7,142,60.9,26,39.1,190,10.9,107.1,209
2026,Tarleton St.,WAC,32.5,257,48.2,304,74.2,120,194,10.0,245,,10.0,359,6.6,291,41.7,355,24.2,365,9.6,104.2,265
2026,New Mexico St.,CUSA,32.4,258,48.5,300,73.5,154,73,9.0,121,,6.1,44,6.9,322,49.2,260,38.7,198,8.1,108.7,179
2026,Eastern Michigan,MAC,32.4,259,50.0,254,73.2,163,209,9.5,201,,7.9,260,6.3,243,47.7,292,31.8,330,9.7,101.9,304
2026,IU Indy,Horz,32.4,259,54.8,64,72.1,201,53,10.1,254,,5.7,27,5.7,143,61.9,17,42.1,132,7.9,105.4,244
2026,CSUN,BW,32.4,261,52.6,148,66.8,346,246,10.7,307,,6.8,137,5.9,174,56.6,75,33.6,308,10.1,108.9,175
2026,Mississippi St.,SEC,32.4,262,53.4,109,66.0,353,305,9.5,195,,6.6,99,6.6,287,45.1,334,40.1,168,11.0,112.7,109
2026,Penn St.,B10,32.4,263,55.8,45,75.0,86,223,8.6,82,,7.0,161,5.9,163,48.3,280,38.1,214,9.8,114.0,94
2026,South Dakota,Sum,32.3,264,50.7,222,74.2,121,175,9.9,232,,6.7,121,5.8,152,46.1,314,35.9,253,9.4,104.3,264
2026,Grambling St.,SWAC,32.3,265,49.0,284,72.9,175,355,12.2,357,,9.0,341,6.0,188,51.6,198,38.2,208,13.0,96.9,345
2026,Milwaukee,Horz,32.3,266,50.8,221,68.7,307,189,8.4,67,,6.8,142,5.9,167,48.1,283,38.1,212,9.5,106.5,221
2026,Campbell,CAA,32.3,267,51.2,208,72.5,188,271,9.7,221,,7.9,254,4.7,19,44.9,336,36.9,232,10.5,111.2,132
2026,Evansville,MVC,32.2,268,49.9,256,73.6,152,17,11.1,330,,7.9,267,6.6,290,54.3,130,43.1,108,7.1,101.9,302
2026,UMass Lowell,AE,32.2,269,50.5,240,65.7,355,266,11.9,351,,6.1,53,6.0,190,45.4,329,31.3,335,10.4,102.6,291
2026,Louisiana Monroe,SB,32.2,270,47.4,328,72.7,179,332,10.2,266,,6.7,119,5.7,136,50.2,237,41.9,134,11.7,101.2,311
2026,Texas St.,SB,32.2,271,50.5,239,76.2,51,243,11.6,345,,7.0,162,6.7,303,48.2,282,24.6,364,10.0,104.0,272
2026,Marist,MAAC,32.2,272,49.9,261,78.1,17,88,10.0,239,,6.9,154,7.2,342,58.9,46,34.6,283,8.3,99.6,328
2026,Lafayette,PL,32.2,273,50.0,255,68.9,302,272,7.9,35,,7.4,215,5.9,157,55.3,106,39.8,174,10.5,100.7,316
2026,Fresno St.,MWC,32.1,274,52.3,157,75.1,77,228,10.7,301,,7.4,214,6.1,215,49.9,242,40.9,147,9.8,107.4,201
2026,Chicago St.,NEC,32.1,275,44.0,359,75.0,87,119,8.4,62,,7.3,188,7.3,347,50.3,232,30.9,343,8.7,99.4,333
2026,Mercyhurst,NEC,32.1,276,50.0,253,74.1,128,5,7.7,27,,6.6,100,7.2,343,54.2,132,31.1,337,6.3,101.2,309
2026,Oregon,B10,32.1,277,50.5,238,73.0,170,187,10.3,271,,7.3,199,6.4,266,59.0,45,42.8,119,9.5,111.6,128
2026,Army,PL,32.0,278,50.7,225,71.7,216,315,10.4,275,,6.8,141,5.6,119,59.0,44,53.3,3,11.2,100.1,321
2026,Tulane,Amer,32.0,279,50.5,234,76.7,40,298,8.7,92,,6.7,125,5.9,164,54.8,121,45.0,69,10.9,107.7,196
2026,Manhattan,MAAC,32.0,280,47.8,316,79.6,3,286,8.2,52,,7.4,209,6.4,267,49.6,250,37.1,229,10.7,104.4,263
2026,Morehead St.,OVC,32.0,281,49.7,269,74.1,123,161,10.6,288,,7.4,211,7.0,326,47.4,297,30.5,349,9.2,106.9,215
2026,Oral Roberts,Sum,32.0,282,51.1,212,74.0,134,224,10.8,309,,7.7,243,6.2,223,47.1,300,45.6,55,9.8,102.0,300
2026,The Citadel,SC,32.0,283,51.0,213,66.5,349,285,9.6,206,,6.7,124,5.2,57,50.6,228,47.8,28,10.7,100.6,318
2026,Sacramento St.,BSky,31.9,284,46.6,339,78.1,16,102,9.2,145,,4.9,4,6.3,257,48.9,270,35.6,260,8.5,105.9,231
2026,Georgetown,BE,31.8,285,50.7,226,74.0,132,152,9.2,139,,6.6,105,6.5,280,57.8,61,35.2,268,9.1,114.6,87
2026,Grand Canyon,MWC,31.8,286,54.2,83,75.3,68,56,9.3,162,,8.3,311,5.6,121,49.6,252,38.9,193,7.9,111.0,134
2026,New Orleans,Slnd,31.8,287,50.6,228,74.3,112,213,11.1,325,,9.4,351,6.3,248,52.5,181,33.7,301,9.7,109.7,157
2026,Alabama St.,SWAC,31.8,288,46.8,334,70.5,253,301,10.5,286,,7.7,247,6.1,204,47.6,293,38.5,200,11.0,99.2,336
2026,Marquette,BE,31.8,289,52.6,149,67.5,332,238,9.7,216,,6.3,73,4.1,4,57.8,60,42.1,133,10.0,111.8,120
2026,Jacksonville,ASun,31.7,290,51.5,194,72.3,196,30,10.2,268,,7.0,155,6.1,203,44.7,337,37.4,223,7.5,103.0,285
2026,Houston Christian,Slnd,31.7,291,50.9,217,69.4,291,229,10.6,290,,8.2,300,5.2,63,58.7,48,36.5,239,9.9,102.9,288
2026,Eastern Illinois,OVC,31.7,292,44.9,354,74.4,106,334,9.5,185,,9.1,347,7.2,339,48.7,273,29.9,352,11.7,96.9,346
2026,Illinois Chicago,MVC,31.7,293,50.7,224,72.6,184,280,9.3,166,,8.2,297,6.2,231,53.0,162,33.0,316,10.6,110.4,149
2026,Stonehill,NEC,31.7,294,46.5,342,68.5,310,361,11.2,334,,8.2,295,5.5,101,51.3,209,40.5,158,13.6,91.7,362
2026,Morgan St.,MEAC,31.7,295,44.9,355,74.3,111,268,9.4,179,,8.4,319,7.8,357,52.2,188,35.2,270,10.4,99.4,334
2026,Loyola Chicago,A10,31.7,296,51.9,177,67.3,339,362,10.9,315,,8.9,337,5.0,39,60.8,27,47.7,29,13.9,103.3,280
2026,USC,B10,31.7,297,51.8,179,72.6,181,78,10.2,267,,7.1,174,6.6,300,56.5,79,34.1,291,8.3,113.5,101
2026,Maryland,B10,31.6,298,48.7,290,72.2,199,330,9.5,191,,9.1,343,6.1,212,45.2,333,47.0,33,11.7,111.1,133
2026,McNeese,Slnd,31.6,299,52.9,137,74.0,129,13,6.7,2,,7.6,232,5.4,88,49.2,261,35.1,272,6.7,114.3,91
2026,Hawaii,BW,31.6,300,55.0,62,73.8,141,108,10.7,302,,8.2,299,5.0,43,49.9,241,39.7,177,8.5,107.1,211
2026,Indiana St.,MVC,31.6,301,57.4,25,67.8,329,359,11.4,341,,8.2,292,4.7,16,64.9,8,45.2,62,13.3,106.2,224
2026,Presbyterian,BSth,31.6,302,52.3,155,68.5,312,98,10.2,263,,9.1,348,6.4,260,49.1,262,28.0,360,8.4,103.2,282
2026,UC Riverside,BW,31.6,302,49.9,258,74.2,119,110,10.1,253,,8.9,339,5.6,115,49.7,246,38.3,203,8.6,104.0,271
2026,Memphis,Amer,31.6,304,49.4,276,72.1,202,265,11.3,337,,7.6,235,6.5,281,49.8,243,33.7,304,10.4,107.2,208
2026,North Carolina A&T,CAA,31.6,305,52.3,159,73.5,155,94,9.7,211,,8.9,338,7.1,335,45.4,328,32.7,322,8.4,105.2,251
2026,VMI,SC,31.5,306,47.9,311,72.2,198,276,8.6,79,,6.7,130,5.9,166,50.7,223,53.6,2,10.5,98.6,338
2026,Washington,B10,31.5,307,53.4,112,76.4,44,129,8.2,55,,7.1,167,6.4,258,49.4,256,34.6,282,8.7,117.2,63
2026,USC Upstate,BSth,31.4,308,48.9,286,68.1,324,299,10.6,287,,7.6,238,5.8,147,46.0,316,35.6,259,11.0,99.0,337
2026,Ball St.,MAC,31.4,309,47.0,332,71.0,237,297,8.1,40,,8.2,291,5.7,127,53.6,144,39.3,184,10.9,98.6,339
2026,Longwood,BSth,31.4,310,51.1,210,74.0,134,180,10.9,317,,8.2,294,6.1,207,47.1,299,34.8,278,9.4,103.4,278
2026,Pepperdine,WCC,31.4,311,48.0,309,75.8,58,288,10.9,318,,7.4,205,6.2,233,56.2,83,39.2,185,10.7,105.2,250
2026,Jackson St.,SWAC,31.4,312,44.6,358,75.8,56,346,11.1,324,,8.3,309,7.0,324,45.8,321,43.3,104,12.4,100.0,324
2026,East Texas A&M,Slnd,31.3,313,51.2,204,67.9,328,282,10.7,303,,8.5,328,5.1,50,62.4,14,46.2,43,10.7,100.7,317
2026,Maine,AE,31.2,314,51.2,206,64.3,363,150,9.5,190,,9.6,354,6.3,255,54.4,128,37.0,231,9.0,91.6,363
2026,Tennessee Tech,OVC,31.1,315,50.1,250,76.2,49,292,11.0,320,,8.1,283,5.7,139,45.4,330,36.5,238,10.8,102.5,294
2026,Rhode Island,A10,31.1,316,52.8,140,72.1,203,256,11.9,352,,7.3,197,5.3,77,47.9,290,43.5,103,10.2,105.8,233
2026,Abilene Christian,WAC,31.0,317,47.9,310,70.4,256,351,12.3,358,,8.4,318,5.9,171,54.1,133,32.8,318,12.6,101.1,312
2026,South Carolina,SEC,31.0,318,53.3,117,78.1,15,308,9.3,163,,5.1,7,5.9,168,52.5,179,44.5,79,11.1,112.5,112
2026,Gardner Webb,BSth,31.0,319,48.6,294,68.5,313,263,11.7,347,,8.1,290,4.9,35,41.0,357,39.8,172,10.3,95.5,353
2026,Saint Peter's,MAAC,31.0,320,46.2,344,73.6,151,239,9.3,160,,8.4,316,6.1,194,53.0,160,38.7,197,10.0,103.0,286
2026,Western Illinois,OVC,30.9,321,43.6,361,66.2,351,312,10.0,246,,7.4,216,6.2,236,36.8,365,33.3,312,11.1,92.9,359
2026,Northern Illinois,MAC,30.9,322,48.5,298,65.7,357,365,11.7,348,,10.0,360,5.7,135,51.8,193,45.0,66,14.5,97.0,344
2026,Southeast Missouri,OVC,30.9,323,51.8,180,69.5,282,183,9.9,234,,7.0,158,5.7,133,45.7,324,36.0,249,9.5,102.2,299
2026,Florida,SEC,30.8,324,57.9,23,71.0,236,20,9.1,136,,7.4,203,4.9,34,53.7,139,37.1,228,7.2,125.5,9
2026,Saint Joseph's,A10,30.8,325,51.9,175,74.1,124,324,9.7,220,,7.1,175,5.3,78,60.5,29,45.3,61,11.4,107.3,205
2026,Coppin St.,MEAC,30.7,326,45.8,350,67.2,342,342,13.0,363,,9.3,350,6.3,254,51.5,202,35.2,269,12.0,92.1,360
2026,North Alabama,ASun,30.7,327,49.1,282,68.4,315,230,11.0,321,,6.5,96,5.5,96,40.5,358,33.7,306,9.9,99.5,329
2026,Bucknell,PL,30.6,328,50.4,245,76.8,36,328,11.2,331,,7.8,252,5.8,154,54.0,134,42.7,120,11.5,98.2,340
2026,Georgia St.,SB,30.6,329,42.9,365,78.6,11,116,8.6,83,,7.3,190,7.7,356,50.6,229,42.4,128,8.7,99.3,335
2026,Charleston,CAA,30.6,330,53.4,110,73.6,150,115,9.3,157,,6.5,92,6.0,191,52.6,174,38.1,213,8.6,108.0,186
2026,Air Force,MWC,30.6,331,51.1,209,64.1,364,336,11.8,350,,10.1,361,4.9,29,55.9,91,41.8,139,11.9,95.6,352
2026,New Hampshire,AE,30.5,332,47.4,329,65.1,359,322,9.1,131,,7.5,219,5.2,54,44.3,342,43.1,109,11.3,95.3,355
2026,Seton Hall,BE,30.5,333,48.3,302,72.3,197,130,9.4,178,,7.2,187,6.2,242,51.6,197,26.8,363,8.7,110.5,147
2026,Siena,MAAC,30.4,334,52.8,138,76.9,35,200,10.3,272,,5.7,25,6.5,279,53.0,161,31.9,329,9.6,107.1,210
2026,Appalachian St.,SB,30.4,335,53.6,104,64.5,362,133,7.7,28,,7.6,230,5.2,59,47.8,291,45.9,47,8.8,105.8,232
2026,NJIT,AE,30.4,336,47.5,323,70.5,252,151,9.6,207,,7.5,217,7.0,328,45.7,325,40.1,167,9.0,96.5,348
2026,Tennessee Martin,OVC,30.3,337,51.5,193,67.7,330,278,13.1,364,,8.3,306,5.5,104,56.2,85,47.1,32,10.6,100.4,320
2026,Brown,Ivy,30.3,338,50.4,241,68.4,317,173,11.3,338,,8.2,293,5.9,155,59.5,39,36.3,241,9.4,97.9,341
2026,Fairleigh Dickinson,NEC,30.3,339,48.6,296,70.1,269,177,9.8,228,,8.4,313,6.3,245,51.0,215,45.2,63,9.4,100.8,315
2026,New Haven,NEC,30.2,340,51.0,215,70.2,266,47,9.3,156,,8.5,327,6.2,226,49.7,248,39.8,171,7.7,96.1,350
2026,Ohio,MAC,30.1,341,54.5,73,71.0,234,25,8.3,57,,7.2,182,6.5,273,46.6,308,38.1,211,7.4,107.9,192
2026,La Salle,A10,30.0,342,45.6,352,72.5,187,344,10.1,252,,8.1,285,6.1,214,56.0,89,31.5,333,12.2,105.7,238
2026,Bryant,AE,30.0,343,48.7,293,76.0,52,118,12.2,355,,8.0,281,5.6,113,53.1,158,47.9,27,8.7,96.6,347
2026,Portland,WCC,29.9,344,54.7,67,74.0,130,9,10.7,305,,8.9,340,5.7,129,61.6,20,35.4,265,6.4,106.0,228
2026,Southern Indiana,OVC,29.9,345,43.0,364,66.6,347,363,9.5,188,,7.7,244,6.6,289,43.0,350,39.7,175,14.1,95.5,354
2026,Mississippi Valley St.,SWAC,29.5,346,45.6,351,71.6,218,149,12.4,359,,9.5,353,8.4,365,52.9,169,30.2,351,9.0,90.3,364
2026,Lindenwood,OVC,29.4,347,49.6,270,67.4,334,182,11.2,335,,7.4,213,6.1,198,49.1,263,30.7,347,9.5,100.5,319
2026,Boston College,ACC,29.4,348,49.1,280,65.3,358,240,9.2,142,,6.2,64,6.8,315,47.4,296,42.4,129,10.0,103.7,274
2026,Towson,CAA,29.4,349,47.8,313,68.9,300,34,7.4,16,,8.5,326,7.2,344,38.9,364,34.9,276,7.6,105.7,237
2026,East Carolina,Amer,29.3,350,47.5,322,70.0,273,64,9.8,230,,7.3,189,6.8,313,47.3,298,31.1,336,8.1,103.6,275
2026,UTSA,Amer,29.2,351,45.5,353,69.8,275,358,11.7,349,,5.7,23,6.2,225,42.8,351,41.3,143,13.1,99.6,326
2026,UT Arlington,WAC,29.1,352,48.8,289,72.3,192,188,11.0,323,,9.7,356,5.8,146,46.4,309,30.7,346,9.5,102.6,292
2026,Cal St. Bakersfield,BW,29.0,353,46.6,340,73.8,144,153,10.4,278,,8.4,322,7.1,332,44.6,339,28.9,356,9.1,101.9,303
2026,Maryland Eastern Shore,MEAC,29.0,354,49.9,259,71.5,225,112,13.8,365,,10.0,358,6.4,270,56.5,81,33.5,309,8.6,94.6,358
2026,Southern Miss,SB,28.9,355,51.3,201,73.6,149,283,10.0,243,,8.3,308,6.4,261,43.8,347,28.7,358,10.7,105.2,249
2026,Fordham,A10,28.9,356,51.9,171,70.2,265,113,8.9,116,,8.2,301,5.7,131,52.4,182,38.3,205,8.6,104.6,261
2026,Hampton,CAA,28.8,357,47.1,330,72.5,189,335,9.3,164,,7.7,245,7.0,329,48.9,268,37.1,230,11.8,102.5,295
2026,North Texas,Amer,28.7,358,47.4,326,70.0,272,318,9.3,154,,7.5,224,5.5,107,50.5,231,32.3,326,11.2,103.4,279
2026,Louisiana Tech,CUSA,28.5,359,49.7,267,67.2,341,254,10.0,241,,8.2,296,6.7,305,48.0,286,33.4,310,10.2,102.9,287
2026,Kansas City,Sum,28.4,360,47.6,320,66.2,352,170,10.9,314,,7.3,196,6.6,296,46.2,310,36.8,235,9.3,92.0,361
2026,Delaware St.,MEAC,28.4,361,43.1,363,68.9,301,302,9.7,219,,10.2,363,7.9,361,45.8,322,28.9,357,11.0,87.1,365
2026,Southeastern Louisiana,Slnd,28.4,362,49.4,274,68.4,320,207,10.1,249,,8.3,310,6.1,206,51.6,201,39.5,182,9.7,99.7,325
2026,Southern Illinois,MVC,27.8,363,52.2,164,68.3,321,100,9.7,212,,7.4,200,6.1,205,48.6,275,29.2,354,8.5,103.8,273
2026,UAB,Amer,27.8,364,51.3,203,70.6,251,217,8.1,45,,4.4,1,5.3,73,50.3,234,30.5,350,9.7,109.8,156
2026,Rider,MAAC,27.7,365,43.3,362,70.1,268,81,9.9,238,,7.0,156,7.8,358,44.3,343,27.5,361,8.3,95.7,351
