season,Rk,Team,Conf,W-L,NetRtg,ORtg,DRtg,AdjT,Luck,NetRtg_1,ORtg_1,DRtg_1,NetRtg_2,col_13,col_14,col_15,col_16,col_17,col_18,col_19,col_20,Avg Hgt,Eff Hgt,C Hgt,PF Hgt,SF Hgt,SG Hgt,PG Hgt,Experience,Bench,Continuity,col_12,col_21
2026,,Illinois,B10,,,,,,,,,,,3,+2.4,14,1.63,130,31.3,192,38.8,80.0,1,+2.9,3,+3.9,2,+1.9,15,+2.4,4,+2.6,70
2026,,Duke,ACC,,,,,,,,,,,9,+3.2,2,0.87,308,34.6,105,24.4,79.3,2,+1.0,59,+0.4,130,+1.6,28,+2.5,3,+2.2,169
2026,,Missouri,SEC,,,,,,,,,,,110,+1.9,29,2.20,37,35.5,88,42.1,79.3,3,+2.4,8,+2.7,11,+2.1,10,+2.3,5,+0.6,48
2026,,Bryant,AE,,,,,,,,,,,2,+1.6,56,0.37,358,29.5,244,9.3,79.2,4,+1.2,42,+1.0,70,+1.4,35,+2.6,1,+2.7,284
2026,,Furman,SC,,,,,,,,,,,10,+3.2,3,1.17,244,32.8,149,46.0,79.2,5,+1.1,53,+1.4,45,+0.7,100,+1.7,20,+2.1,30
2026,,North Carolina,ACC,,,,,,,,,,,40,+1.3,71,1.29,220,36.3,66,12.3,79.2,6,+2.3,10,+1.9,33,+2.7,4,+1.4,36,+1.5,263
2026,,Arizona St.,B12,,,,,,,,,,,158,+0.9,102,1.50,164,30.3,215,1.6,79.0,7,+3.1,1,+3.0,9,+3.3,1,+0.9,76,+0.1,330
2026,,Arizona,B12,,,,,,,,,,,43,+2.0,23,1.58,142,28.9,256,35.8,79.0,8,+1.5,31,+2.3,20,+0.7,80,+1.7,17,+1.5,94
2026,,USC,B10,,,,,,,,,,,12,+0.0,185,2.54,13,40.8,20,3.2,79.0,9,+2.2,12,+2.3,21,+2.0,14,+1.7,15,+2.0,318
2026,,Oregon,B10,,,,,,,,,,,50,+1.5,58,1.55,152,35.6,87,28.1,79.0,10,+2.0,14,+1.8,36,+2.2,8,+1.3,48,+1.3,146
2026,,UNC Wilmington,CAA,,,,,,,,,,,26,+3.6,1,2.39,23,24.6,331,33.0,78.9,11,+0.8,72,+1.8,38,-0.1,192,+1.1,62,+1.6,107
2026,,Saint Mary's,WCC,,,,,,,,,,,181,+1.8,33,0.74,336,25.3,326,31.0,78.9,12,+2.6,5,+4.6,1,+0.6,117,+0.8,84,-0.1,121
2026,,Florida,SEC,,,,,,,,,,,149,+0.7,127,1.94,65,24.6,330,40.2,78.9,13,+2.4,7,+2.2,25,+2.7,5,+1.9,10,+0.2,58
2026,,Charlotte,Amer,,,,,,,,,,,103,+2.1,17,1.11,257,42.3,11,8.5,78.9,14,+2.3,11,+3.1,7,+1.5,29,+0.3,133,+0.6,290
2026,,Boise St.,MWC,,,,,,,,,,,1,+1.8,33,1.85,85,34.1,120,39.7,78.9,15,+0.7,89,+0.9,74,+0.4,131,+1.7,20,+2.7,65
2026,,Wisconsin,B10,,,,,,,,,,,76,+2.0,24,2.35,26,30.9,196,32.4,78.8,16,+2.1,13,+2.1,26,+2.0,13,+0.3,140,+0.9,111
2026,,Grand Canyon,MWC,,,,,,,,,,,49,+0.8,110,2.55,12,30.0,227,19.0,78.8,17,+1.9,15,+2.8,10,+1.0,59,+1.4,35,+1.3,208
2026,,Kentucky,SEC,,,,,,,,,,,26,+2.7,9,1.49,168,34.1,119,30.1,78.8,18,+1.5,32,+1.9,31,+1.0,57,-0.1,203,+1.6,129
2026,,Xavier,BE,,,,,,,,,,,51,+1.8,33,2.16,41,27.5,287,0.0,78.8,19,+1.2,43,+0.8,81,+1.6,24,+1.5,30,+1.3,344
2026,,Penn St.,B10,,,,,,,,,,,26,+2.4,13,0.77,332,33.3,136,15.6,78.8,20,+1.1,46,+1.6,41,+0.7,77,+0.8,83,+1.6,234
2026,,Portland,WCC,,,,,,,,,,,11,+0.1,169,0.63,347,35.4,90,13.2,78.7,21,+1.4,33,+2.0,29,+0.9,64,+1.7,16,+2.1,254
2026,,Michigan St.,B10,,,,,,,,,,,63,+1.0,98,1.40,197,32.0,176,41.7,78.7,22,+1.7,22,+1.3,56,+2.1,11,+1.5,31,+1.1,51
2026,,Evansville,MVC,,,,,,,,,,,60,+2.1,19,1.22,235,27.9,277,24.9,78.7,23,+1.1,48,+0.7,100,+1.6,22,+1.4,41,+1.1,166
2026,,Kansas,B12,,,,,,,,,,,52,+2.3,15,1.76,103,26.7,297,8.5,78.7,24,+1.1,49,+1.1,63,+1.1,46,+0.9,73,+1.2,292
2026,,Southern Utah,WAC,,,,,,,,,,,16,+0.3,156,0.95,295,30.5,206,8.3,78.7,25,+1.6,25,+1.8,37,+1.5,30,+1.2,53,+1.9,293
2026,,Hawaii,BW,,,,,,,,,,,107,+1.8,33,1.75,106,32.8,152,27.6,78.7,26,+1.2,45,+1.3,55,+1.1,53,+1.9,11,+0.6,149
2026,,Oregon St.,WCC,,,,,,,,,,,276,+0.8,110,1.31,218,36.9,55,23.2,78.7,27,+2.6,4,+2.2,22,+3.0,2,+1.2,54,-0.7,178
2026,,Michigan,B10,,,,,,,,,,,90,+0.1,174,2.10,48,35.1,98,31.3,78.7,28,+2.4,9,+3.0,8,+1.7,17,+0.8,82,+0.8,120
2026,,Connecticut,BE,,,,,,,,,,,80,+1.6,49,2.41,22,30.8,200,53.1,78.6,29,+1.3,40,+2.1,28,+0.5,119,+1.3,52,+0.9,14
2026,,UCF,B12,,,,,,,,,,,26,+1.1,82,2.35,29,31.5,188,0.0,78.6,30,+1.7,24,+2.2,23,+1.1,52,+0.4,127,+1.6,345
2026,,Cincinnati,B12,,,,,,,,,,,249,-0.2,199,2.28,33,34.0,121,22.5,78.6,31,+2.9,2,+3.4,4,+2.5,6,+0.8,80,-0.5,184
2026,,Delaware,CUSA,,,,,,,,,,,25,+2.8,6,0.87,312,12.5,365,9.4,78.5,32,+0.1,171,-0.6,248,+0.7,80,+1.3,49,+1.6,282
2026,,Santa Clara,WCC,,,,,,,,,,,88,+0.3,159,0.92,302,35.8,79,29.6,78.5,33,+1.4,34,+1.3,54,+1.5,33,+1.8,13,+0.8,131
2026,,Arkansas,SEC,,,,,,,,,,,59,+1.9,28,1.59,140,27.0,292,36.6,78.5,34,+1.1,50,+0.4,120,+1.8,16,+0.5,120,+1.1,91
2026,,Little Rock,OVC,,,,,,,,,,,5,+0.9,103,1.62,133,19.8,355,38.1,78.5,35,+0.1,165,-0.6,232,+0.7,79,+2.2,6,+2.4,74
2026,,UNC Asheville,BSth,,,,,,,,,,,6,+0.6,134,1.89,75,17.6,359,29.1,78.5,36,+0.5,115,+0.2,153,+0.8,72,+1.8,12,+2.3,134
2026,,Iowa,B10,,,,,,,,,,,89,+2.8,6,1.45,180,32.2,169,2.2,78.5,37,+0.4,127,+0.2,152,+0.6,107,+1.2,58,+0.8,326
2026,,Middle Tennessee,CUSA,,,,,,,,,,,189,+1.8,33,1.80,99,33.2,139,28.4,78.5,38,+1.4,36,+1.4,50,+1.4,37,+1.0,69,-0.1,140
2026,,Tennessee,SEC,,,,,,,,,,,155,-0.2,199,1.61,136,35.0,99,16.8,78.4,39,+1.9,16,+1.4,45,+2.3,7,+1.7,19,+0.2,224
2026,,Miami FL,ACC,,,,,,,,,,,102,+1.9,27,1.76,104,27.6,284,0.0,78.4,40,+1.1,52,+0.9,75,+1.2,43,+0.6,112,+0.6,347
2026,,Tennessee Martin,OVC,,,,,,,,,,,7,+1.9,30,0.62,348,36.4,65,34.1,78.4,41,-0.3,216,-0.7,257,+0.1,163,+1.7,20,+2.3,101
2026,,Loyola Marymount,WCC,,,,,,,,,,,15,+1.0,90,1.62,135,30.2,216,34.4,78.4,42,+0.8,77,+1.6,40,-0.1,188,+0.7,94,+2.0,98
2026,,Louisville,ACC,,,,,,,,,,,110,+2.5,11,2.48,17,34.9,102,22.6,78.4,43,+1.2,44,+1.6,39,+0.9,67,-0.4,244,+0.6,183
2026,,Utah Tech,WAC,,,,,,,,,,,18,+2.8,6,1.06,271,23.0,341,13.0,78.4,44,-0.5,240,-1.6,324,+0.6,115,+1.4,40,+1.9,256
2026,,Arkansas St.,SB,,,,,,,,,,,26,+1.0,97,1.56,150,26.3,305,0.0,78.4,45,+0.9,61,+1.5,42,+0.4,133,+0.6,109,+1.6,347
2026,,Kennesaw St.,CUSA,,,,,,,,,,,45,+2.1,21,1.23,234,37.3,47,30.2,78.3,46,+0.1,167,-0.6,232,+0.7,98,+1.2,56,+1.4,127
2026,,BYU,B12,,,,,,,,,,,19,+0.1,173,1.61,137,28.2,267,27.9,78.3,47,+0.7,86,-0.1,183,+1.5,34,+1.6,27,+1.8,148
2026,,Queens,ASun,,,,,,,,,,,26,+1.3,70,1.31,216,31.7,185,36.6,78.3,48,+0.7,91,-0.3,202,+1.6,25,+0.6,111,+1.6,90
2026,,Notre Dame,ACC,,,,,,,,,,,71,+1.8,31,1.82,92,35.3,93,34.1,78.3,49,+0.6,98,+0.9,79,+0.3,134,+0.8,86,+1.0,100
2026,,Pepperdine,WCC,,,,,,,,,,,104,+1.0,95,1.01,282,25.6,319,10.4,78.3,50,+1.6,27,+1.1,64,+2.1,9,-0.1,198,+0.6,275
2026,,UC San Diego,BW,,,,,,,,,,,26,+2.7,10,1.07,270,32.3,167,7.9,78.3,51,+0.4,125,+0.9,76,-0.1,196,-0.3,227,+1.6,296
2026,,Colorado,B12,,,,,,,,,,,275,-0.2,199,1.10,261,34.4,112,28.8,78.3,52,+2.5,6,+2.2,24,+2.8,3,+0.6,110,-0.7,136
2026,,Florida St.,ACC,,,,,,,,,,,78,+1.6,55,1.77,102,33.4,134,6.7,78.3,53,+0.6,107,+0.3,134,+0.8,75,+1.0,67,+0.9,304
2026,,Georgetown,BE,,,,,,,,,,,110,+1.1,78,1.81,94,36.6,59,28.5,78.3,54,+1.3,38,+2.5,15,+0.2,158,+0.2,150,+0.6,137
2026,,Syracuse,ACC,,,,,,,,,,,62,+2.0,25,2.02,56,28.5,262,18.6,78.3,55,+0.5,114,-0.6,232,+1.6,27,+0.5,116,+1.1,211
2026,,Presbyterian,BSth,,,,,,,,,,,20,+1.5,61,1.04,275,19.9,354,31.8,78.3,56,+0.3,136,+0.1,158,+0.5,120,+0.7,94,+1.7,112
2026,,LSU,SEC,,,,,,,,,,,8,-0.7,245,2.61,9,30.7,203,9.4,78.3,57,+0.9,62,+0.4,120,+1.4,40,+1.2,57,+2.2,283
2026,,Auburn,SEC,,,,,,,,,,,13,+0.1,179,1.51,161,23.0,342,11.8,78.3,58,+0.2,151,-0.4,217,+0.7,80,+2.1,7,+2.0,265
2026,,Charleston,CAA,,,,,,,,,,,219,+1.8,33,1.66,121,35.7,83,2.4,78.3,59,+1.5,29,+3.5,3,-0.5,248,-0.1,188,-0.3,324
2026,,Creighton,BE,,,,,,,,,,,23,+1.4,64,1.85,81,35.8,77,26.6,78.2,60,+0.2,148,+0.1,164,+0.3,140,+0.9,74,+1.6,158
2026,,St. John's,BE,,,,,,,,,,,26,+1.6,52,2.25,34,31.2,193,23.3,78.2,61,+0.2,144,-0.0,178,+0.5,126,+0.7,88,+1.6,175
2026,,Bowling Green,MAC,,,,,,,,,,,86,+0.8,110,1.52,159,28.2,266,17.9,78.2,62,+0.7,87,+0.1,167,+1.3,41,+1.3,45,+0.8,215
2026,,Air Force,MWC,,,,,,,,,,,99,+1.8,33,0.36,359,30.4,212,20.0,78.2,63,+0.8,73,+1.1,68,+0.6,113,+0.2,146,+0.6,202
2026,,Washington St.,WCC,,,,,,,,,,,110,+1.6,54,0.93,297,35.3,94,21.4,78.2,64,+0.3,132,-0.0,176,+0.7,95,+1.4,38,+0.6,192
2026,,Monmouth,CAA,,,,,,,,,,,53,+0.1,172,1.83,90,25.6,321,43.8,78.2,65,+0.6,93,+0.7,94,+0.6,112,+1.6,25,+1.2,40
2026,,Virginia,ACC,,,,,,,,,,,82,-1.3,311,2.01,58,34.8,103,0.1,78.2,66,+1.8,19,+2.4,17,+1.1,47,+1.1,64,+0.8,343
2026,,Butler,BE,,,,,,,,,,,79,+1.9,26,1.84,87,33.7,129,15.3,78.2,67,+0.4,120,+1.3,52,-0.5,249,+0.5,119,+0.9,238
2026,,Georgia Tech,ACC,,,,,,,,,,,84,+1.6,51,1.80,96,34.3,114,23.1,78.2,68,+0.5,112,+0.8,83,+0.2,155,+0.7,94,+0.8,179
2026,,Alabama,SEC,,,,,,,,,,,134,+0.5,143,2.03,54,33.8,126,30.4,78.2,69,+1.3,39,+1.5,43,+1.2,44,+0.5,117,+0.4,125
2026,,Grambling St.,SWAC,,,,,,,,,,,3,+3.1,4,1.14,254,28.5,261,1.3,78.2,70,-1.2,326,-2.1,352,-0.3,213,+0.7,91,+2.6,335
2026,,Towson,CAA,,,,,,,,,,,61,-0.2,199,1.74,107,31.9,180,36.9,78.2,71,+0.9,63,+0.6,109,+1.3,42,+1.2,59,+1.1,83
2026,,George Washington,A10,,,,,,,,,,,131,+1.3,75,2.35,27,38.6,37,36.9,78.1,72,+0.9,64,+1.0,71,+0.8,74,+0.3,132,+0.4,84
2026,,Valparaiso,MVC,,,,,,,,,,,233,+1.1,86,0.78,326,33.5,130,5.4,78.1,73,+0.8,80,+0.8,87,+0.7,80,+1.6,26,-0.4,312
2026,,UC Riverside,BW,,,,,,,,,,,47,+2.1,18,0.77,331,25.7,317,0.0,78.1,74,+0.1,160,+0.0,169,+0.2,152,+0.0,178,+1.4,347
2026,,Texas,SEC,,,,,,,,,,,106,+0.3,151,2.74,4,30.8,199,30.9,78.1,75,+1.0,55,+1.3,53,+0.7,97,+0.8,85,+0.6,123
2026,,Providence,BE,,,,,,,,,,,22,+1.2,76,1.86,80,32.8,153,28.3,78.1,76,-0.2,204,-0.3,206,-0.1,190,+1.2,55,+1.7,141
2026,,George Mason,A10,,,,,,,,,,,26,+1.1,84,1.90,72,32.6,160,1.1,78.1,77,+0.6,103,+0.9,78,+0.3,147,-0.2,214,+1.6,337
2026,,Indiana,B10,,,,,,,,,,,17,+0.3,155,3.18,1,29.2,249,0.0,78.1,78,-0.0,174,-0.1,184,+0.0,173,+1.4,39,+1.9,347
2026,,Iowa St.,B12,,,,,,,,,,,167,+0.3,153,2.56,11,28.3,265,51.5,78.1,79,+1.0,57,+0.6,103,+1.4,38,+1.1,63,+0.0,20
2026,,Wake Forest,ACC,,,,,,,,,,,41,+1.1,81,2.10,49,34.6,108,25.4,78.0,80,-0.2,210,-0.4,216,-0.1,191,+1.2,60,+1.5,164
2026,,Portland St.,BSky,,,,,,,,,,,150,+1.1,80,1.42,192,24.3,334,42.6,78.0,81,+0.3,133,-0.0,179,+0.7,80,+1.3,46,+0.2,46
2026,,UC Santa Barbara,BW,,,,,,,,,,,93,+1.7,47,1.56,151,28.0,274,13.6,78.0,82,-0.4,230,-1.6,324,+0.7,80,+1.7,18,+0.7,249
2026,,Gonzaga,WCC,,,,,,,,,,,65,+0.5,142,2.72,6,42.2,13,24.8,78.0,83,+0.1,154,+0.2,145,+0.1,171,+1.4,34,+1.0,167
2026,,Quinnipiac,MAAC,,,,,,,,,,,98,+0.2,163,1.28,222,26.6,300,33.5,78.0,84,+0.6,106,+0.7,95,+0.4,129,+1.3,51,+0.6,105
2026,,San Francisco,WCC,,,,,,,,,,,21,-1.1,291,1.85,84,35.8,78,40.5,78.0,85,+1.0,60,+1.4,49,+0.6,111,+0.7,94,+1.7,56
2026,,North Carolina A&T,CAA,,,,,,,,,,,66,+1.5,57,0.58,349,30.9,198,9.8,78.0,86,+0.1,155,+0.1,165,+0.2,149,+0.3,137,+1.0,279
2026,,UCLA,B10,,,,,,,,,,,147,+1.0,101,2.53,14,32.3,168,39.8,78.0,87,+0.9,65,+0.7,98,+1.1,50,+0.2,151,+0.2,64
2026,,UC Irvine,BW,,,,,,,,,,,110,+1.4,65,1.05,272,30.7,205,23.9,78.0,88,+0.8,69,+1.0,69,+0.7,103,-0.7,273,+0.6,170
2026,,Louisiana Tech,CUSA,,,,,,,,,,,187,+1.8,33,0.90,305,33.1,141,22.7,78.0,89,+0.4,126,+0.8,85,-0.0,185,+0.5,121,-0.1,181
2026,,South Carolina St.,MEAC,,,,,,,,,,,54,-0.6,230,0.46,357,45.4,3,22.4,78.0,90,+0.9,67,+1.2,58,+0.5,123,+0.7,94,+1.2,185
2026,,SMU,ACC,,,,,,,,,,,132,-0.8,253,2.74,5,24.0,336,36.8,78.0,91,+1.7,23,+3.3,5,+0.0,176,-0.1,200,+0.4,85
2026,,Murray St.,MVC,,,,,,,,,,,138,-1.8,323,1.34,207,40.2,23,0.0,77.9,92,+0.9,66,+0.1,168,+1.7,17,+2.5,2,+0.3,347
2026,,Virginia Tech,ACC,,,,,,,,,,,55,-1.1,290,1.42,191,30.7,201,37.7,77.9,93,+0.7,90,+0.3,138,+1.0,56,+1.3,47,+1.2,78
2026,,N.C. State,ACC,,,,,,,,,,,14,+1.5,59,2.19,38,29.5,242,3.4,77.9,94,-0.7,273,-0.2,199,-1.2,315,+0.7,94,+2.0,317
2026,,Utah Valley,WAC,,,,,,,,,,,110,+2.4,12,1.24,232,32.4,165,30.3,77.9,95,-0.2,206,-0.4,222,-0.0,182,+0.1,161,+0.6,126
2026,,Fresno St.,MWC,,,,,,,,,,,101,+0.1,166,1.46,177,30.7,204,13.9,77.9,96,+0.8,68,+1.8,34,-0.1,193,+0.1,162,+0.6,243
2026,,Eastern Michigan,MAC,,,,,,,,,,,153,+0.6,136,1.05,273,39.1,33,7.2,77.9,97,+0.4,130,-0.1,188,+0.9,69,+1.1,65,+0.2,302
2026,,Ohio St.,B10,,,,,,,,,,,329,+0.8,110,2.16,40,25.3,325,49.1,77.9,98,+1.4,35,+2.4,18,+0.3,135,+0.2,149,-1.3,24
2026,,New Orleans,Slnd,,,,,,,,,,,316,+0.8,110,1.57,146,30.0,225,13.3,77.9,99,+0.5,108,-0.0,180,+1.1,51,+1.7,14,-1.2,251
2026,,Houston,B12,,,,,,,,,,,110,+2.0,22,1.82,91,28.1,270,43.4,77.8,100,+0.4,123,+1.2,59,-0.4,239,-1.0,300,+0.6,44
2026,,Bellarmine,ASun,,,,,,,,,,,81,+1.3,69,0.92,303,28.3,264,37.9,77.8,101,-0.6,246,-0.9,276,-0.1,195,+1.3,43,+0.9,76
2026,,VCU,A10,,,,,,,,,,,157,-0.1,192,1.62,134,35.9,76,15.3,77.8,102,+0.8,71,+0.9,73,+0.7,80,+0.7,90,+0.1,237
2026,,Minnesota,B10,,,,,,,,,,,96,+1.6,50,2.24,35,19.0,358,12.1,77.8,103,-0.6,256,-1.1,287,-0.2,200,+1.3,44,+0.7,264
2026,,Fordham,A10,,,,,,,,,,,281,-1.0,273,1.86,79,29.8,236,0.9,77.8,104,+1.4,37,+0.7,97,+2.1,12,+1.4,42,-0.8,338
2026,,DePaul,BE,,,,,,,,,,,234,+1.0,94,1.58,141,29.2,251,34.7,77.8,105,+0.5,109,+0.7,99,+0.4,127,+0.7,92,-0.4,96
2026,,Boston College,ACC,,,,,,,,,,,184,+0.3,154,1.48,170,31.9,179,33.0,77.8,106,+1.1,47,+0.8,88,+1.5,31,-0.2,211,-0.1,108
2026,,Belmont,MVC,,,,,,,,,,,146,+0.9,104,1.02,280,38.6,38,40.8,77.8,107,+0.6,104,-0.6,232,+1.7,20,-0.0,182,+0.2,55
2026,,UTSA,Amer,,,,,,,,,,,26,+1.7,48,0.85,314,32.6,157,7.9,77.8,108,-0.7,266,-0.9,272,-0.5,254,+0.4,123,+1.6,297
2026,,Washington,B10,,,,,,,,,,,176,-0.2,199,1.71,115,30.1,220,17.2,77.8,109,+1.6,28,+1.4,45,+1.7,19,-0.8,281,-0.0,220
2026,,Northeastern,CAA,,,,,,,,,,,133,+1.8,33,0.94,296,41.8,14,27.4,77.8,110,+0.1,168,+0.0,170,+0.1,166,-0.3,218,+0.4,151
2026,,Clemson,ACC,,,,,,,,,,,218,+0.4,146,2.35,28,37.9,46,9.7,77.8,111,+1.0,54,+0.4,120,+1.6,23,-0.1,195,-0.3,280
2026,,Duquesne,A10,,,,,,,,,,,64,+1.1,85,1.81,93,34.6,107,36.6,77.8,112,+0.1,163,+0.4,132,-0.2,198,-0.3,227,+1.1,89
2026,,Penn,Ivy,,,,,,,,,,,56,-0.2,194,1.23,233,30.1,224,38.1,77.8,113,+0.4,121,-0.6,232,+1.4,39,+0.1,158,+1.2,75
2026,,Southern Miss,SB,,,,,,,,,,,44,+1.6,53,0.93,300,29.3,247,2.8,77.8,114,-0.6,247,-0.8,259,-0.3,231,+0.0,175,+1.5,319
2026,,Nebraska,B10,,,,,,,,,,,171,-0.7,235,2.36,25,25.5,322,25.3,77.8,115,+0.6,94,+0.4,120,+0.8,71,+1.4,37,+0.0,165
2026,,San Diego St.,MWC,,,,,,,,,,,26,+0.6,132,1.90,73,41.7,16,55.8,77.8,116,-0.2,200,+0.3,135,-0.7,271,+0.2,155,+1.6,8
2026,,Florida Atlantic,Amer,,,,,,,,,,,148,+0.4,145,0.65,344,34.5,111,14.8,77.8,117,+0.7,88,+0.9,77,+0.5,125,-0.1,197,+0.2,240
2026,,Purdue,B10,,,,,,,,,,,221,-0.8,260,2.49,16,29.8,233,62.1,77.8,118,+1.9,17,+3.1,6,+0.6,110,-0.6,266,-0.3,6
2026,,Columbia,Ivy,,,,,,,,,,,201,+0.1,181,1.65,125,32.2,170,43.8,77.7,119,+0.5,116,+0.0,173,+0.9,61,+1.0,66,-0.2,41
2026,,Marshall,SB,,,,,,,,,,,247,-0.0,191,1.55,154,34.7,104,22.1,77.7,120,+1.8,21,+2.6,13,+0.9,62,-1.2,320,-0.5,190
2026,,South Carolina,SEC,,,,,,,,,,,130,-0.4,220,2.43,20,33.1,142,8.5,77.7,121,+0.3,131,+0.3,137,+0.4,132,+1.0,71,+0.5,289
2026,,Yale,Ivy,,,,,,,,,,,46,+0.4,148,1.42,190,26.1,309,62.1,77.7,122,-0.4,233,-0.6,245,-0.3,213,+0.8,79,+1.4,5
2026,,Elon,CAA,,,,,,,,,,,203,+1.1,79,1.33,209,32.8,148,10.3,77.7,123,-0.0,180,-0.8,265,+0.7,80,+0.9,78,-0.2,277
2026,,Davidson,A10,,,,,,,,,,,125,+1.3,73,1.45,179,40.5,22,22.4,77.7,124,-0.1,192,+0.5,118,-0.8,279,+0.2,156,+0.5,187
2026,,North Alabama,ASun,,,,,,,,,,,91,+0.1,176,1.37,203,22.3,345,37.6,77.7,125,-0.4,228,-0.6,232,-0.3,210,+1.5,28,+0.8,80
2026,,Rider,MAAC,,,,,,,,,,,57,+0.6,130,0.76,333,32.2,171,26.3,77.7,126,+0.1,169,+0.1,165,+0.1,169,-0.3,227,+1.1,159
2026,,Utah St.,MWC,,,,,,,,,,,110,+0.6,135,2.43,19,36.0,72,40.1,77.7,127,+0.6,97,-0.2,198,+1.4,36,-0.8,279,+0.6,59
2026,,Cal Poly,BW,,,,,,,,,,,105,+1.8,45,0.63,346,32.8,150,31.7,77.7,128,-0.7,277,-1.1,286,-0.4,238,+0.7,94,+0.6,113
2026,,SIUE,OVC,,,,,,,,,,,202,-1.5,318,1.17,246,39.5,28,29.9,77.7,129,+1.8,20,+2.4,19,+1.1,45,-0.3,226,-0.2,130
2026,,Georgia St.,SB,,,,,,,,,,,156,+0.2,162,0.63,345,33.8,127,28.3,77.7,130,+0.7,84,+1.4,48,+0.1,172,-0.3,220,+0.1,144
2026,,Nicholls,Slnd,,,,,,,,,,,145,-0.3,218,1.84,88,32.7,154,29.5,77.6,131,-0.1,189,-0.8,262,+0.6,114,+1.7,20,+0.3,132
2026,,California,ACC,,,,,,,,,,,267,+0.4,147,2.16,42,28.9,255,13.7,77.6,132,+0.6,100,+0.6,108,+0.6,106,+0.4,126,-0.7,247
2026,,Colorado St.,MWC,,,,,,,,,,,186,+0.4,149,1.93,66,33.9,122,13.8,77.6,133,+0.5,119,+0.3,136,+0.6,108,+0.1,170,-0.1,246
2026,,Saint Joseph's,A10,,,,,,,,,,,159,-0.2,210,1.65,127,25.9,312,45.6,77.6,134,+0.4,124,+0.5,117,+0.3,137,+0.5,115,+0.1,31
2026,,New Mexico,MWC,,,,,,,,,,,144,-0.9,268,0.86,313,30.1,221,0.0,77.6,135,+0.8,70,+0.7,91,+0.9,60,+0.1,166,+0.3,347
2026,,Boston University,PL,,,,,,,,,,,163,+1.1,83,0.99,284,22.3,346,37.9,77.6,136,+0.3,140,+1.8,35,-1.3,320,-0.6,269,+0.1,77
2026,,Stony Brook,CAA,,,,,,,,,,,87,+1.0,91,1.44,182,32.5,163,5.4,77.6,137,-0.3,213,+0.1,161,-0.6,265,-0.2,215,+0.8,311
2026,,Stonehill,NEC,,,,,,,,,,,110,+1.8,32,1.47,171,28.4,263,37.6,77.6,138,-0.2,205,+0.0,175,-0.4,241,-0.9,289,+0.6,79
2026,,Marquette,BE,,,,,,,,,,,85,-1.0,272,1.35,206,28.1,272,49.7,77.6,139,+0.6,101,+0.8,89,+0.4,130,-0.0,183,+0.8,23
2026,,Northern Colorado,BSky,,,,,,,,,,,282,+0.8,110,2.07,51,22.9,343,39.6,77.6,140,+0.4,129,-0.1,187,+0.9,68,+0.3,139,-0.8,66
2026,,Coppin St.,MEAC,,,,,,,,,,,95,+0.5,144,0.57,350,49.8,1,14.7,77.6,141,-0.1,187,-0.3,209,+0.1,161,+0.0,174,+0.7,241
2026,,Villanova,BE,,,,,,,,,,,180,+1.0,92,1.87,78,28.6,259,12.8,77.6,142,+0.3,137,+0.6,102,-0.0,184,-0.6,265,-0.0,259
2026,,Princeton,Ivy,,,,,,,,,,,69,-0.2,198,0.79,325,29.7,239,36.4,77.6,143,-0.4,221,-1.1,295,+0.4,128,+0.9,77,+1.0,92
2026,,Northern Iowa,MVC,,,,,,,,,,,94,+1.7,46,1.94,64,27.0,291,64.6,77.6,144,-0.7,265,-1.3,312,-0.1,189,-0.0,184,+0.7,3
2026,,Bethune Cookman,SWAC,,,,,,,,,,,72,+2.2,16,2.02,57,32.6,155,23.9,77.6,145,-1.4,337,-1.8,344,-1.1,305,+0.7,94,+1.0,172
2026,,Memphis,Amer,,,,,,,,,,,208,-1.6,320,2.11,46,45.3,4,0.0,77.6,146,+1.6,26,+2.6,14,+0.7,101,-0.4,249,-0.3,347
2026,,William & Mary,CAA,,,,,,,,,,,67,+1.4,63,1.60,138,39.4,29,21.1,77.5,147,-1.0,315,-1.2,304,-0.8,289,+0.6,113,+1.0,195
2026,,Rutgers,B10,,,,,,,,,,,289,+0.1,177,1.36,205,39.2,32,20.6,77.5,148,+0.1,158,-0.3,204,+0.6,116,+1.5,32,-0.9,197
2026,,Mississippi,SEC,,,,,,,,,,,26,+0.2,160,1.50,163,38.1,44,15.4,77.5,149,-0.3,214,-0.1,186,-0.4,245,-0.3,227,+1.6,236
2026,,Saint Louis,A10,,,,,,,,,,,58,+0.0,187,2.28,31,36.6,58,23.7,77.5,150,-0.2,209,+0.1,159,-0.6,264,+0.2,153,+1.1,173
2026,,Idaho St.,BSky,,,,,,,,,,,24,-1.4,313,0.78,327,33.8,124,25.7,77.5,151,-0.2,199,-0.1,185,-0.3,212,+1.0,70,+1.6,161
2026,,Vermont,AE,,,,,,,,,,,162,+1.1,88,1.85,82,34.9,100,31.7,77.5,152,-0.1,185,-0.3,207,+0.2,154,-0.3,221,+0.1,114
2026,,Miami OH,MAC,,,,,,,,,,,109,+0.3,158,1.96,62,26.4,303,59.8,77.5,153,-0.2,208,-0.9,280,+0.5,121,+0.4,128,+0.6,7
2026,,Utah,B12,,,,,,,,,,,255,+0.0,184,1.85,83,27.7,281,9.0,77.5,154,+0.1,156,-0.6,232,+0.8,70,+0.9,72,-0.6,286
2026,,Long Beach St.,BW,,,,,,,,,,,197,+0.8,110,0.98,288,36.5,63,2.1,77.5,155,+0.5,117,+0.1,156,+0.8,73,-0.8,288,-0.2,327
2026,,Robert Morris,Horz,,,,,,,,,,,126,-1.3,312,1.10,260,32.5,162,11.7,77.5,156,+0.4,122,+0.2,154,+0.7,99,+0.7,108,+0.5,267
2026,,Tulsa,Amer,,,,,,,,,,,168,+1.0,89,1.53,158,33.1,143,7.5,77.5,157,-0.4,222,-0.5,230,-0.2,204,+0.3,136,+0.0,300
2026,,Central Michigan,MAC,,,,,,,,,,,224,+0.0,182,0.31,360,30.7,202,0.0,77.5,158,+0.7,82,+2.0,30,-0.5,255,-0.5,256,-0.4,347
2026,,La Salle,A10,,,,,,,,,,,142,+0.8,110,1.53,156,42.3,9,4.0,77.5,159,-0.2,201,-0.4,220,+0.0,180,-0.1,193,+0.3,315
2026,,Central Connecticut,NEC,,,,,,,,,,,160,+1.4,66,0.78,329,26.5,302,16.4,77.5,160,-0.5,242,-0.8,266,-0.2,205,+0.2,157,+0.1,226
2026,,Mississippi St.,SEC,,,,,,,,,,,333,-0.9,265,2.12,44,36.6,57,28.1,77.5,161,+1.5,30,+1.5,44,+1.6,26,-0.1,204,-1.4,145
2026,,Oklahoma St.,B12,,,,,,,,,,,124,-0.9,267,1.73,108,36.9,53,1.4,77.5,162,+0.6,95,+0.8,90,+0.5,122,-0.3,227,+0.6,333
2026,,Florida A&M,SWAC,,,,,,,,,,,110,+1.3,72,1.47,172,30.4,210,23.2,77.5,163,-0.2,194,-0.1,189,-0.2,199,-1.0,303,+0.6,177
2026,,Tulane,Amer,,,,,,,,,,,135,+1.8,33,1.95,63,25.3,324,44.3,77.5,164,-0.8,290,-0.8,260,-0.9,292,-0.0,185,+0.4,38
2026,,Alabama A&M,SWAC,,,,,,,,,,,217,-0.8,252,1.37,202,27.6,285,8.2,77.5,165,-0.0,177,-0.4,213,+0.3,143,+1.7,20,-0.3,294
2026,,Lipscomb,ASun,,,,,,,,,,,191,-0.7,239,0.87,309,37.1,50,18.7,77.4,166,+0.7,83,+1.1,62,+0.3,145,-0.2,210,-0.1,210
2026,,LIU,NEC,,,,,,,,,,,26,+3.0,5,1.11,258,22.0,348,46.2,77.4,167,-1.9,358,-2.2,358,-1.6,346,-0.3,227,+1.6,29
2026,,Coastal Carolina,SB,,,,,,,,,,,232,+0.5,141,1.32,214,26.1,310,15.7,77.4,168,+0.0,173,+0.4,131,-0.4,240,+0.3,143,-0.4,233
2026,,Stanford,ACC,,,,,,,,,,,345,-0.2,199,1.07,268,36.5,62,43.8,77.4,169,+0.7,81,+0.3,133,+1.1,48,+0.7,87,-1.7,39
2026,,Loyola Chicago,A10,,,,,,,,,,,262,-0.3,215,1.72,114,42.2,12,25.8,77.4,170,+0.2,147,+0.2,149,+0.2,153,+0.8,81,-0.6,160
2026,,Denver,Sum,,,,,,,,,,,68,-0.0,190,0.54,354,24.7,329,3.6,77.4,171,-0.9,307,-1.6,335,-0.3,213,+1.2,61,+1.0,316
2026,,Georgia,SEC,,,,,,,,,,,291,-1.5,316,1.88,76,39.7,26,31.3,77.4,172,+1.1,51,+0.5,115,+1.7,21,+0.4,122,-0.9,117
2026,,Troy,SB,,,,,,,,,,,285,-0.1,193,1.28,223,24.1,335,44.3,77.4,173,+0.1,172,-0.6,232,+0.7,102,+1.0,68,-0.8,37
2026,,Austin Peay,ASun,,,,,,,,,,,280,-0.7,243,0.84,315,25.8,315,27.9,77.4,174,-0.2,203,-1.1,294,+0.7,80,+2.0,8,-0.8,147
2026,,Hofstra,CAA,,,,,,,,,,,234,-0.3,213,1.53,155,26.3,306,38.6,77.4,175,+0.8,74,+1.4,51,+0.2,151,-0.8,280,-0.4,71
2026,,Montana St.,BSky,,,,,,,,,,,223,+0.8,110,0.73,338,31.1,194,21.1,77.4,176,-0.3,217,-0.9,275,+0.3,138,+0.2,145,-0.4,194
2026,,East Texas A&M,Slnd,,,,,,,,,,,83,-0.7,244,1.28,224,34.5,110,22.1,77.4,177,-0.2,207,-1.2,298,+0.7,94,+0.3,129,+0.8,189
2026,,Kansas St.,B12,,,,,,,,,,,174,+0.3,152,2.09,50,31.5,186,15.6,77.4,178,+0.2,150,+0.8,86,-0.4,243,-0.7,272,-0.0,235
2026,,Oklahoma,SEC,,,,,,,,,,,308,-2.2,343,2.68,7,30.2,217,11.2,77.4,179,+1.0,56,+0.5,111,+1.5,32,+1.3,50,-1.1,270
2026,,Bradley,MVC,,,,,,,,,,,297,-2.8,352,1.78,100,32.6,159,27.5,77.4,180,+1.8,18,+2.6,12,+1.0,55,+0.0,173,-1.0,150
2026,,North Texas,Amer,,,,,,,,,,,139,+1.0,99,1.40,195,29.9,230,0.0,77.3,181,-0.3,212,-0.7,253,+0.2,157,-0.8,285,+0.3,347
2026,,Dayton,A10,,,,,,,,,,,77,-2.5,347,2.36,24,29.8,232,31.6,77.3,182,+0.5,110,+2.1,27,-1.0,301,+0.5,118,+0.9,115
2026,,Seattle,WCC,,,,,,,,,,,278,-0.6,231,1.46,176,30.4,211,43.8,77.3,183,+0.8,78,+1.1,66,+0.5,124,-0.2,212,-0.8,42
2026,,Montana,BSky,,,,,,,,,,,110,+2.1,20,1.01,281,28.2,269,27.2,77.3,184,-1.1,319,-1.4,318,-0.7,274,-0.6,268,+0.6,154
2026,,Fairleigh Dickinson,NEC,,,,,,,,,,,298,-0.2,195,0.87,310,29.9,229,1.4,77.3,185,+0.6,105,+1.1,65,+0.0,175,-0.1,190,-1.0,331
2026,,Maryland Eastern Shore,MEAC,,,,,,,,,,,290,-1.1,286,0.82,320,39.3,30,11.4,77.3,186,-0.0,179,-0.8,263,+0.7,80,+1.9,9,-0.9,269
2026,,UNLV,MWC,,,,,,,,,,,261,-0.8,247,1.44,184,31.4,190,1.9,77.3,187,+0.6,102,+0.3,141,+0.9,63,-0.0,180,-0.6,329
2026,,Old Dominion,SB,,,,,,,,,,,226,+0.8,110,1.63,131,34.2,118,26.9,77.3,188,-0.0,175,+0.7,96,-0.7,277,-0.6,263,-0.4,155
2026,,Maine,AE,,,,,,,,,,,164,-0.0,189,1.56,149,34.3,113,12.6,77.3,189,-0.1,186,-0.2,195,+0.0,177,-0.2,206,+0.1,261
2026,,Jacksonville,ASun,,,,,,,,,,,210,-0.9,266,0.96,290,35.3,92,18.3,77.3,190,+0.1,162,+0.3,140,-0.0,186,+0.7,94,-0.3,214
2026,,Northwestern,B10,,,,,,,,,,,140,-1.8,326,1.56,148,35.7,80,32.7,77.3,191,+0.1,157,+0.2,151,+0.1,165,+0.9,75,+0.3,110
2026,,James Madison,SB,,,,,,,,,,,315,+0.1,175,1.73,109,33.3,137,15.0,77.3,192,-0.4,226,-1.1,289,+0.3,144,+1.5,29,-1.2,239
2026,,Canisius,MAAC,,,,,,,,,,,190,+0.1,178,1.39,198,28.1,271,6.6,77.3,193,+0.3,134,+0.0,172,+0.6,105,-1.0,301,-0.1,305
2026,,Le Moyne,NEC,,,,,,,,,,,74,+0.5,137,0.67,342,26.7,296,10.9,77.3,194,-1.1,323,-0.9,279,-1.3,321,+0.3,130,+0.9,271
2026,,Baylor,B12,,,,,,,,,,,97,+0.5,139,1.72,111,25.2,327,0.0,77.3,195,-0.6,258,-0.5,228,-0.8,283,-0.3,227,+0.6,347
2026,,Western Carolina,SC,,,,,,,,,,,192,-1.2,297,1.47,173,35.2,96,33.9,77.3,196,+0.6,92,+0.6,106,+0.7,80,-0.4,251,-0.1,102
2026,,Loyola MD,PL,,,,,,,,,,,136,+1.4,62,1.32,212,37.3,48,52.3,77.3,197,-0.7,279,-0.3,208,-1.1,309,-0.9,290,+0.4,18
2026,,Southern Illinois,MVC,,,,,,,,,,,172,-0.6,227,1.65,128,35.1,97,41.2,77.3,198,+0.2,152,+0.6,101,-0.3,227,-0.3,217,+0.0,54
2026,,Sacramento St.,BSky,,,,,,,,,,,234,+1.5,60,0.98,289,32.4,164,0.0,77.2,199,-0.8,287,-1.2,305,-0.3,232,-0.1,186,-0.4,347
2026,,Idaho,BSky,,,,,,,,,,,257,+0.1,180,1.58,144,32.0,174,33.2,77.2,200,+0.2,145,+0.7,92,-0.3,225,-0.6,262,-0.6,106
2026,,Mercer,SC,,,,,,,,,,,206,+0.4,150,1.65,129,25.8,314,12.9,77.2,201,-0.2,198,+0.1,163,-0.4,242,-0.4,252,-0.2,257
2026,,Missouri St.,CUSA,,,,,,,,,,,166,+1.8,33,0.81,324,25.4,323,28.3,77.2,202,-0.6,250,-0.4,219,-0.8,286,-1.3,324,+0.0,143
2026,,Texas A&M,SEC,,,,,,,,,,,263,-0.5,224,2.62,8,40.9,19,0.6,77.2,203,+0.3,138,+0.8,84,-0.2,207,-0.2,213,-0.6,339
2026,,South Alabama,SB,,,,,,,,,,,75,+0.1,168,1.02,279,26.5,301,25.5,77.2,204,-0.9,300,-1.2,300,-0.6,260,-0.1,194,+0.9,163
2026,,Colgate,PL,,,,,,,,,,,234,+1.2,77,1.15,252,27.9,278,36.1,77.2,205,-0.2,196,-0.4,215,+0.0,178,-1.2,311,-0.4,93
2026,,Jacksonville St.,CUSA,,,,,,,,,,,234,+1.3,67,1.39,199,28.9,254,10.3,77.2,206,-0.1,183,+1.1,67,-1.2,314,-1.6,343,-0.4,276
2026,,Lamar,Slnd,,,,,,,,,,,299,-1.6,319,1.33,210,32.8,151,44.9,77.2,207,+0.8,79,+0.4,120,+1.1,54,+0.2,148,-1.0,34
2026,,North Florida,ASun,,,,,,,,,,,198,+1.0,100,0.69,341,26.2,307,15.9,77.2,208,-0.9,306,-1.5,323,-0.4,236,+0.2,154,-0.2,231
2026,,Nebraska Omaha,Sum,,,,,,,,,,,207,+0.1,167,1.67,120,35.7,82,47.5,77.2,209,-0.1,184,+0.2,148,-0.3,228,-0.7,276,-0.2,27
2026,,New Haven,NEC,,,,,,,,,,,248,+0.5,138,0.23,363,25.0,328,0.0,77.2,210,+0.2,153,-0.6,232,+0.9,66,-1.3,323,-0.5,0
2026,,Vanderbilt,SEC,,,,,,,,,,,193,-1.1,285,2.45,18,30.1,222,35.5,77.2,211,-0.6,255,-0.9,277,-0.3,213,+1.4,33,-0.1,95
2026,,Maryland,B10,,,,,,,,,,,141,-0.9,264,1.89,74,33.4,135,0.0,77.2,212,-0.3,215,-0.7,255,+0.2,159,+0.1,159,+0.3,347
2026,,Hampton,CAA,,,,,,,,,,,274,-1.2,296,1.72,110,39.3,31,33.9,77.2,213,+0.1,164,+0.5,116,-0.3,213,+0.7,93,-0.7,103
2026,,UMBC,AE,,,,,,,,,,,228,+0.8,110,1.17,247,29.6,241,26.8,77.2,214,-0.4,220,-0.2,201,-0.5,250,-0.7,277,-0.4,156
2026,,Illinois Chicago,MVC,,,,,,,,,,,70,-1.2,307,1.70,116,38.8,36,10.6,77.2,215,-0.8,285,-1.3,313,-0.2,206,+0.7,94,+1.0,274
2026,,Detroit Mercy,Horz,,,,,,,,,,,73,-1.8,325,1.50,162,36.5,61,54.4,77.2,216,-0.1,190,-0.5,229,+0.3,146,-0.1,187,+1.0,10
2026,,Oakland,Horz,,,,,,,,,,,39,-2.0,339,1.20,240,27.0,290,19.8,77.1,217,-0.7,268,-1.6,324,+0.2,156,+0.7,89,+1.5,205
2026,,Louisiana,SB,,,,,,,,,,,185,+0.8,106,0.77,330,35.2,95,8.2,77.1,218,-0.8,291,-0.7,256,-0.9,297,-0.3,227,-0.1,295
2026,,East Carolina,Amer,,,,,,,,,,,325,-1.0,280,1.50,166,28.2,268,20.0,77.1,219,+0.8,75,+0.4,120,+1.1,49,-0.5,255,-1.3,201
2026,,Albany,AE,,,,,,,,,,,258,-2.2,342,0.71,340,29.4,246,12.9,77.1,220,+0.6,96,+0.2,144,+1.0,58,+0.3,135,-0.6,258
2026,,Charleston Southern,BSth,,,,,,,,,,,169,-1.0,274,0.83,319,41.7,15,13.3,77.1,221,+0.1,159,+0.7,93,-0.5,246,-0.6,260,+0.0,252
2026,,Central Arkansas,ASun,,,,,,,,,,,170,+1.0,93,0.96,291,33.3,138,11.7,77.1,222,-0.9,303,-0.6,250,-1.2,316,-0.5,254,+0.0,266
2026,,Cal St. Bakersfield,BW,,,,,,,,,,,161,-0.3,216,1.99,59,36.6,60,28.3,77.1,223,-0.5,241,-0.4,224,-0.6,267,+0.0,179,+0.1,142
2026,,Temple,Amer,,,,,,,,,,,234,+1.8,33,1.92,69,19.7,356,17.6,77.1,224,-0.9,298,-1.0,283,-0.7,273,-0.9,291,-0.4,217
2026,,Pacific,WCC,,,,,,,,,,,286,+0.0,186,2.15,43,26.2,308,16.1,77.1,225,+0.1,161,+0.5,112,-0.3,213,-0.7,271,-0.9,228
2026,,West Georgia,ASun,,,,,,,,,,,177,-0.8,256,1.08,265,31.8,181,45.6,77.1,226,-0.6,253,-0.2,191,-1.0,302,+0.7,94,-0.0,32
2026,,Drake,MVC,,,,,,,,,,,234,+0.7,129,1.15,251,31.5,187,0.6,77.1,227,-0.1,191,+0.6,107,-0.8,288,-1.3,322,-0.4,340
2026,,Western Michigan,MAC,,,,,,,,,,,209,-0.9,271,1.11,259,42.3,10,19.9,77.1,228,-0.1,188,+0.4,128,-0.7,269,+0.1,172,-0.3,204
2026,,McNeese,Slnd,,,,,,,,,,,143,+0.5,140,1.88,77,37.2,49,23.9,77.1,229,-0.7,261,+0.0,174,-1.4,335,-0.8,282,+0.3,171
2026,,Mississippi Valley St.,SWAC,,,,,,,,,,,331,-0.2,196,0.07,365,29.5,243,2.3,77.1,230,+0.3,139,-0.2,193,+0.7,80,-0.4,253,-1.4,325
2026,,American,PL,,,,,,,,,,,100,+0.7,128,1.40,196,30.1,223,40.1,77.1,231,-1.4,340,-2.3,359,-0.6,263,+0.1,160,+0.6,60
2026,,Iona,MAAC,,,,,,,,,,,322,-1.0,275,1.14,255,31.9,178,7.4,77.1,232,+0.2,143,-0.3,203,+0.7,80,+0.3,131,-1.2,301
2026,,Southeastern Louisiana,Slnd,,,,,,,,,,,92,-0.9,270,1.29,221,40.6,21,28.5,77.1,233,-0.8,282,-1.2,306,-0.3,211,+0.2,147,+0.8,138
2026,,Texas Tech,B12,,,,,,,,,,,179,+0.3,157,2.10,47,19.4,357,26.7,77.1,234,-0.7,272,-0.1,182,-1.3,333,-0.3,227,-0.0,157
2026,,South Florida,Amer,,,,,,,,,,,251,+0.6,133,1.56,147,27.7,279,10.8,77.1,235,-0.7,260,+0.1,160,-1.4,338,-0.3,227,-0.5,272
2026,,Alabama St.,SWAC,,,,,,,,,,,288,+0.8,110,0.98,285,32.5,161,19.7,77.1,236,-0.5,244,-0.3,212,-0.7,276,-0.4,248,-0.9,206
2026,,Western Illinois,OVC,,,,,,,,,,,108,+0.8,109,0.83,318,34.6,106,0.0,77.0,237,-1.5,343,-1.7,338,-1.3,321,+0.0,176,+0.6,347
2026,,Pittsburgh,ACC,,,,,,,,,,,137,-0.7,242,1.93,68,20.3,353,23.2,77.0,238,-0.7,259,-0.0,177,-1.3,321,+0.1,168,+0.4,176
2026,,Drexel,CAA,,,,,,,,,,,312,-1.2,308,0.93,298,30.9,197,36.7,77.0,239,+0.3,135,+0.6,105,+0.0,174,+0.1,163,-1.2,87
2026,,Wyoming,MWC,,,,,,,,,,,283,-0.2,199,1.18,243,36.4,64,7.8,77.0,240,-0.4,234,-0.6,247,-0.3,213,+0.3,144,-0.8,298
2026,,Dartmouth,Ivy,,,,,,,,,,,48,-1.2,309,1.66,123,27.9,275,54.0,77.0,241,-1.0,314,-1.6,324,-0.5,252,+0.3,134,+1.3,12
2026,,Nevada,MWC,,,,,,,,,,,194,-1.1,292,1.76,105,38.6,39,13.8,77.0,242,-0.1,181,+0.2,155,-0.2,208,-0.3,227,-0.1,244
2026,,CSUN,BW,,,,,,,,,,,165,+1.3,68,1.80,98,26.9,294,23.5,77.0,243,-1.6,349,-1.9,348,-1.3,321,+0.1,165,+0.1,174
2026,,West Virginia,B12,,,,,,,,,,,277,-2.8,355,2.86,2,29.2,248,0.0,77.0,244,+0.8,76,+1.0,72,+0.6,109,+0.3,142,-0.7,347
2026,,Mount St. Mary's,MAAC,,,,,,,,,,,333,+0.8,110,1.72,112,35.6,85,30.7,77.0,245,+0.1,170,+0.4,129,-0.3,229,-1.3,321,-1.4,124
2026,,Western Kentucky,CUSA,,,,,,,,,,,310,-0.7,241,1.84,86,40.1,24,13.2,77.0,246,+0.5,113,+1.2,60,-0.2,197,-1.0,302,-1.1,253
2026,,Rice,Amer,,,,,,,,,,,175,+0.8,107,1.93,67,32.0,175,28.4,77.0,247,-0.7,269,+0.1,157,-1.5,342,-1.3,324,-0.0,139
2026,,FIU,CUSA,,,,,,,,,,,321,-1.9,328,1.36,204,32.0,177,9.1,77.0,248,+0.6,99,+0.4,120,+0.8,76,-0.1,189,-1.2,285
2026,,St. Thomas,Sum,,,,,,,,,,,128,-0.3,211,0.93,301,31.7,184,41.4,77.0,249,-1.0,312,-1.3,310,-0.8,281,-0.2,207,+0.5,53
2026,,Sacred Heart,MAAC,,,,,,,,,,,199,+0.2,165,2.05,53,25.6,320,41.7,77.0,250,-0.6,252,-0.6,249,-0.6,258,-0.8,283,-0.2,52
2026,,Wright St.,Horz,,,,,,,,,,,254,+0.2,164,1.20,239,36.2,70,31.3,77.0,251,-0.8,295,-1.4,316,-0.3,226,+0.0,177,-0.6,118
2026,,Indiana St.,MVC,,,,,,,,,,,270,-0.9,269,0.91,304,32.4,166,34.6,77.0,252,-0.6,249,-0.4,218,-0.8,284,+0.7,94,-0.7,97
2026,,Tennessee St.,OVC,,,,,,,,,,,127,-1.0,281,1.68,119,26.9,293,39.9,77.0,253,-1.1,322,-1.6,324,-0.7,270,+0.7,94,+0.5,63
2026,,Radford,BSth,,,,,,,,,,,234,-0.4,219,1.53,157,27.6,282,0.0,76.9,254,-0.5,239,-0.6,232,-0.4,244,-0.3,243,-0.4,347
2026,,Lindenwood,OVC,,,,,,,,,,,151,-0.8,255,1.50,165,21.5,351,37.3,76.9,255,-0.7,276,+0.2,150,-1.6,347,-0.3,227,+0.2,81
2026,,Kansas City,Sum,,,,,,,,,,,129,-1.5,317,0.87,311,30.0,226,20.0,76.9,256,-0.2,211,+0.5,119,-0.9,298,-0.8,287,+0.5,203
2026,,The Citadel,SC,,,,,,,,,,,123,+0.1,171,0.81,323,29.6,240,38.3,76.9,257,-1.6,347,-1.8,346,-1.3,319,+0.1,171,+0.6,73
2026,,UTEP,CUSA,,,,,,,,,,,346,-0.5,225,1.62,132,23.1,338,13.6,76.9,258,-0.2,197,-0.5,226,+0.1,164,+0.2,152,-1.7,250
2026,,UT Arlington,WAC,,,,,,,,,,,216,+0.2,161,0.81,322,38.8,35,13.7,76.9,259,-0.6,257,-0.7,252,-0.6,259,-1.1,304,-0.3,248
2026,,Georgia Southern,SB,,,,,,,,,,,215,-1.7,322,1.44,183,33.8,125,10.1,76.9,260,-0.4,223,-0.6,232,-0.2,201,+0.3,138,-0.3,278
2026,,Ohio,MAC,,,,,,,,,,,311,+0.0,188,2.18,39,22.8,344,38.4,76.8,261,-0.7,262,-1.4,315,+0.0,179,-0.1,192,-1.1,72
2026,,Longwood,BSth,,,,,,,,,,,200,-0.3,214,1.47,174,35.9,75,33.8,76.8,262,-1.0,311,-1.7,341,-0.3,213,-0.1,199,-0.2,104
2026,,Texas St.,SB,,,,,,,,,,,196,-0.7,236,1.68,117,32.6,158,17.0,76.8,263,-0.7,274,-0.8,267,-0.6,262,-0.3,227,-0.2,222
2026,,Arkansas Pine Bluff,SWAC,,,,,,,,,,,42,-2.0,332,0.95,292,17.6,360,4.9,76.8,264,-1.0,309,-1.4,320,-0.5,256,-0.2,209,+1.5,313
2026,,Brown,Ivy,,,,,,,,,,,214,-0.8,250,0.82,321,35.6,86,42.8,76.8,265,-0.4,232,-1.2,297,+0.3,141,-0.7,275,-0.3,45
2026,,South Dakota St.,Sum,,,,,,,,,,,234,-0.7,240,1.46,175,23.6,337,54.3,76.8,266,+0.2,146,+0.4,120,-0.0,183,-2.0,355,-0.4,11
2026,,NJIT,AE,,,,,,,,,,,284,-1.0,279,1.22,237,33.5,133,48.3,76.8,267,-0.4,225,-0.6,246,-0.2,203,-0.1,202,-0.8,25
2026,,Southern Indiana,OVC,,,,,,,,,,,323,-0.6,228,1.19,242,34.5,109,7.6,76.8,268,-0.3,218,-0.8,261,+0.1,167,-0.3,219,-1.3,299
2026,,Green Bay,Horz,,,,,,,,,,,152,+0.9,105,1.44,185,24.5,332,40.3,76.8,269,-1.4,333,-1.4,317,-1.3,332,-1.2,312,+0.2,57
2026,,Delaware St.,MEAC,,,,,,,,,,,273,-2.0,333,1.32,215,44.9,5,15.8,76.8,270,+0.5,111,+0.3,139,+0.7,78,-1.2,314,-0.7,232
2026,,Saint Francis,NEC,,,,,,,,,,,188,+0.1,170,1.25,231,32.9,147,10.7,76.8,271,-1.5,344,-1.7,340,-1.3,321,+0.1,164,-0.1,273
2026,,Northern Kentucky,Horz,,,,,,,,,,,195,+1.0,96,1.22,236,23.1,339,20.4,76.8,272,-1.5,341,-1.8,343,-1.2,312,-0.8,286,-0.1,199
2026,,Massachusetts,MAC,,,,,,,,,,,268,-1.3,310,1.97,61,28.8,258,24.5,76.8,273,+0.1,166,-0.2,192,+0.3,136,-1.2,310,-0.7,168
2026,,Florida Gulf Coast,ASun,,,,,,,,,,,279,-0.9,263,1.42,189,29.8,237,39.9,76.8,274,-0.5,235,-1.0,281,+0.1,170,-0.4,247,-0.8,62
2026,,East Tennessee St.,SC,,,,,,,,,,,183,-1.4,315,1.80,97,32.6,156,20.2,76.8,275,-0.4,231,-1.6,324,+0.7,96,-0.7,274,-0.1,200
2026,,Stetson,ASun,,,,,,,,,,,302,-3.2,361,0.52,356,37.0,52,18.8,76.7,276,+0.7,85,+0.5,114,+0.9,65,-0.3,227,-1.1,209
2026,,South Dakota,Sum,,,,,,,,,,,296,-0.2,199,0.88,307,38.5,40,20.5,76.7,277,-0.4,224,+1.2,61,-1.9,353,-1.2,315,-1.0,198
2026,,Siena,MAAC,,,,,,,,,,,253,-2.2,344,1.16,248,24.3,333,47.7,76.7,278,-0.4,227,-0.5,227,-0.3,230,+0.4,125,-0.5,26
2026,,New Mexico St.,CUSA,,,,,,,,,,,205,-1.0,278,1.57,145,38.0,45,8.6,76.7,279,-0.6,245,-0.2,196,-0.9,296,-0.9,295,-0.2,288
2026,,Oral Roberts,Sum,,,,,,,,,,,182,-0.8,257,1.08,267,36.0,73,5.6,76.7,280,-1.1,316,-1.1,288,-1.0,303,-0.3,224,-0.1,309
2026,,Southern,SWAC,,,,,,,,,,,250,+0.8,110,0.98,287,39.5,27,42.2,76.7,281,-1.0,310,-0.8,270,-1.2,313,-1.6,337,-0.5,47
2026,,Eastern Washington,BSky,,,,,,,,,,,348,-1.1,287,1.19,241,33.8,123,21.3,76.7,282,+0.2,142,-0.2,197,+0.6,104,-0.9,294,-1.8,193
2026,,Saint Peter's,MAAC,,,,,,,,,,,204,-0.3,212,1.04,274,36.9,54,31.0,76.7,283,-0.8,289,-1.2,303,-0.4,237,-1.2,318,-0.2,122
2026,,UAB,Amer,,,,,,,,,,,264,-1.2,295,1.46,178,33.5,131,0.0,76.7,284,-0.8,294,-1.6,324,-0.1,194,+0.1,169,-0.6,347
2026,,Milwaukee,Horz,,,,,,,,,,,293,-0.8,248,0.76,335,46.0,2,16.1,76.7,285,-0.6,251,-0.3,210,-0.8,290,-0.6,261,-0.9,229
2026,,Morehead St.,OVC,,,,,,,,,,,230,-1.2,300,0.72,339,33.1,140,19.3,76.7,286,-0.7,280,-1.2,301,-0.2,209,-0.4,245,-0.4,207
2026,,Appalachian St.,SB,,,,,,,,,,,350,-0.5,222,2.02,55,26.8,295,22.4,76.7,287,-0.2,193,-0.6,232,+0.2,150,-0.9,296,-1.8,186
2026,,Lehigh,PL,,,,,,,,,,,269,-0.6,226,1.27,226,29.9,231,51.5,76.7,288,-0.5,238,-0.4,221,-0.6,261,-1.4,331,-0.7,21
2026,,Norfolk St.,MEAC,,,,,,,,,,,234,+0.8,126,1.59,139,33.5,132,2.7,76.7,289,-0.9,308,-1.1,291,-0.8,287,-2.0,356,-0.4,320
2026,,Abilene Christian,WAC,,,,,,,,,,,295,+0.8,110,1.27,227,34.3,117,39.1,76.7,290,-0.8,293,+0.2,146,-1.9,352,-1.7,348,-0.9,69
2026,,Sam Houston St.,CUSA,,,,,,,,,,,259,-0.7,234,1.27,229,33.8,128,2.5,76.6,291,-0.4,229,+0.5,113,-1.3,334,-1.6,340,-0.6,323
2026,,VMI,SC,,,,,,,,,,,178,+1.3,74,1.32,213,26.6,298,63.3,76.6,292,-1.8,356,-2.1,354,-1.6,343,-1.2,319,-0.0,4
2026,,Buffalo,MAC,,,,,,,,,,,272,-1.8,327,1.49,167,26.4,304,37.2,76.6,293,+0.5,118,+0.9,80,+0.1,168,-2.1,358,-0.7,82
2026,,Holy Cross,PL,,,,,,,,,,,220,-1.0,282,1.17,245,29.1,252,43.7,76.6,294,-1.6,346,-1.9,347,-1.2,317,+0.7,94,-0.3,43
2026,,Harvard,Ivy,,,,,,,,,,,110,+0.6,131,1.72,113,14.9,363,70.4,76.6,295,-2.3,363,-2.3,360,-2.3,361,-0.4,246,+0.6,2
2026,,Winthrop,BSth,,,,,,,,,,,211,-3.3,364,1.68,118,36.2,68,16.7,76.6,296,+0.2,149,+0.2,147,+0.1,160,-0.6,267,-0.3,225
2026,,Eastern Illinois,OVC,,,,,,,,,,,338,-0.7,237,1.09,263,30.5,207,36.8,76.6,297,-0.8,284,-1.3,308,-0.3,213,-0.1,205,-1.4,86
2026,,Northern Arizona,BSky,,,,,,,,,,,231,-1.4,314,1.08,264,40.0,25,21.0,76.6,298,-0.8,292,-1.3,311,-0.4,233,-0.4,250,-0.4,196
2026,,Prairie View A&M,SWAC,,,,,,,,,,,252,-0.7,233,1.01,283,25.8,313,2.6,76.6,299,-0.9,302,-1.1,296,-0.6,266,-0.9,299,-0.5,321
2026,,Richmond,A10,,,,,,,,,,,292,-2.7,349,2.06,52,41.6,17,40.0,76.6,300,-0.0,176,+0.6,104,-0.6,268,-0.3,223,-0.9,61
2026,,San Jose St.,MWC,,,,,,,,,,,309,-1.0,276,0.95,293,29.8,235,17.6,76.6,301,-0.3,219,-0.1,190,-0.5,257,-1.1,306,-1.1,218
2026,,UC Davis,BW,,,,,,,,,,,324,-0.8,261,1.43,186,33.0,144,46.9,76.6,302,-0.2,202,-0.6,232,+0.1,162,-1.4,333,-1.3,28
2026,,Toledo,MAC,,,,,,,,,,,357,-0.2,199,1.38,201,23.1,340,22.8,76.6,303,-0.1,182,+0.1,162,-0.2,202,-1.6,342,-2.1,180
2026,,Tennessee Tech,OVC,,,,,,,,,,,110,-0.3,217,0.84,317,41.0,18,16.9,76.6,304,-1.4,339,-1.6,324,-1.3,331,-1.3,324,+0.6,223
2026,,San Diego,WCC,,,,,,,,,,,266,-1.2,300,1.98,60,38.4,42,1.2,76.6,305,-0.9,305,-1.1,292,-0.8,282,-0.3,222,-0.6,336
2026,,USC Upstate,BSth,,,,,,,,,,,229,-0.8,249,0.90,306,32.9,146,44.7,76.5,306,-0.9,297,+0.0,171,-1.8,348,-1.2,313,-0.4,36
2026,,Texas Southern,SWAC,,,,,,,,,,,343,-0.8,251,1.65,124,38.1,43,34.2,76.5,307,-0.6,254,-0.9,273,-0.3,213,-0.5,257,-1.6,99
2026,,Northern Illinois,MAC,,,,,,,,,,,212,-0.8,258,0.53,355,29.8,234,0.0,76.5,308,-1.1,317,-0.3,211,-1.8,349,-0.9,293,-0.3,347
2026,,Wagner,NEC,,,,,,,,,,,287,+0.8,110,0.24,362,34.9,101,6.0,76.5,309,-2.0,359,-2.7,362,-1.3,321,-0.1,196,-0.9,308
2026,,North Dakota,Sum,,,,,,,,,,,294,+0.0,183,1.03,276,32.0,173,27.2,76.5,310,-0.5,243,-0.2,194,-0.9,293,-2.2,359,-0.9,153
2026,,IU Indy,Horz,,,,,,,,,,,271,-0.2,197,0.27,361,30.3,214,0.3,76.5,311,-1.5,345,-1.9,349,-1.1,307,-0.3,227,-0.7,341
2026,,Cal Baptist,WAC,,,,,,,,,,,353,-3.0,358,1.41,193,31.8,182,31.3,76.5,312,+1.2,41,+1.9,32,+0.6,118,-1.8,349,-1.9,119
2026,,Houston Christian,Slnd,,,,,,,,,,,173,-0.8,259,1.07,269,27.4,289,30.1,76.5,313,-2.0,361,-2.7,363,-1.3,321,+0.6,114,-0.0,128
2026,,Louisiana Monroe,SB,,,,,,,,,,,234,+1.1,87,0.15,364,27.5,288,5.6,76.5,314,-1.6,348,-0.9,278,-2.2,359,-1.9,351,-0.4,310
2026,,Illinois St.,MVC,,,,,,,,,,,319,-1.7,321,2.12,45,35.9,74,53.9,76.5,315,-0.5,236,+0.6,110,-1.5,340,-0.6,259,-1.2,13
2026,,Wichita St.,Amer,,,,,,,,,,,364,-3.1,360,1.83,89,30.2,219,0.1,76.5,316,+1.0,58,+2.5,16,-0.5,247,-0.1,201,-3.1,342
2026,,Jackson St.,SWAC,,,,,,,,,,,222,-2.0,335,1.28,225,36.2,69,44.9,76.5,317,-0.6,248,-0.4,223,-0.7,278,-0.9,298,-0.3,35
2026,,St. Bonaventure,A10,,,,,,,,,,,320,-1.9,329,1.55,153,20.5,352,4.4,76.5,318,-0.0,178,-0.4,214,+0.3,142,-1.4,332,-1.2,314
2026,,Alcorn St.,SWAC,,,,,,,,,,,330,-1.1,293,0.84,316,29.8,238,17.8,76.5,319,-1.0,313,-1.8,342,-0.3,213,-0.0,181,-1.4,216
2026,,Rhode Island,A10,,,,,,,,,,,301,-0.2,199,2.59,10,30.4,213,2.5,76.4,320,-0.9,296,-0.8,269,-0.9,291,-1.7,344,-1.0,322
2026,,Merrimack,MAAC,,,,,,,,,,,234,+0.8,108,1.14,256,13.4,364,8.5,76.4,321,-1.8,353,-2.1,353,-1.4,337,-1.6,338,-0.4,291
2026,,TCU,B12,,,,,,,,,,,336,-1.2,300,1.78,101,27.5,286,22.0,76.4,322,-1.2,324,-2.0,350,-0.4,234,+0.3,141,-1.4,191
2026,,Incarnate Word,Slnd,,,,,,,,,,,305,-1.1,289,2.28,32,25.9,311,42.1,76.4,323,-0.9,299,-0.9,271,-0.9,294,-0.8,284,-1.1,49
2026,,Youngstown St.,Horz,,,,,,,,,,,313,-1.8,324,1.65,126,36.1,71,22.6,76.4,324,-0.7,275,-0.6,251,-0.8,285,-0.5,258,-1.2,182
2026,,Texas A&M Corpus Chris,Slnd,,,,,,,,,,,339,-0.7,238,0.56,351,44.8,6,16.1,76.4,325,-0.8,283,-1.6,324,+0.0,181,-1.1,308,-1.5,230
2026,,Binghamton,AE,,,,,,,,,,,314,-2.1,340,1.16,250,25.7,318,13.8,76.4,326,-0.7,278,-0.7,254,-0.8,280,-0.2,216,-1.2,245
2026,,Fairfield,MAAC,,,,,,,,,,,344,-1.1,288,1.03,277,31.4,191,18.4,76.3,327,-0.8,288,-1.1,293,-0.5,251,-0.9,292,-1.6,212
2026,,Campbell,CAA,,,,,,,,,,,256,-1.0,284,2.42,21,17.5,361,25.5,76.3,328,-1.4,335,-0.9,274,-1.9,351,-0.8,278,-0.6,162
2026,,High Point,BSth,,,,,,,,,,,307,-2.6,348,2.23,36,35.5,89,12.7,76.3,329,-0.7,281,-1.1,290,-0.4,235,-0.1,191,-1.1,260
2026,,Ball St.,MAC,,,,,,,,,,,300,-0.5,221,1.81,95,30.5,208,6.5,76.3,330,-1.2,325,-1.6,334,-0.7,275,-1.5,336,-1.0,306
2026,,Bucknell,PL,,,,,,,,,,,304,-3.7,365,1.03,278,28.8,257,31.5,76.3,331,+0.4,128,+1.3,57,-0.5,253,-1.3,324,-1.1,116
2026,,UMass Lowell,AE,,,,,,,,,,,352,-1.0,283,0.56,352,27.9,276,0.0,76.3,332,-1.4,336,-1.6,333,-1.3,321,+0.4,124,-1.9,346
2026,,Purdue Fort Wayne,Horz,,,,,,,,,,,340,-1.2,300,1.91,71,26.6,299,29.1,76.3,333,-0.2,195,-1.1,285,+0.7,80,-2.4,363,-1.5,135
2026,,Marist,MAAC,,,,,,,,,,,341,-1.0,277,1.51,160,31.0,195,52.4,76.3,334,-0.9,304,-0.8,268,-1.0,304,-1.1,305,-1.6,17
2026,,Weber St.,BSky,,,,,,,,,,,225,-2.8,351,1.16,249,34.3,116,36.7,76.2,335,-1.3,329,-1.6,337,-0.9,295,+0.1,167,-0.4,88
2026,,Southeast Missouri,OVC,,,,,,,,,,,234,-1.2,294,1.27,228,31.8,183,52.6,76.2,336,-1.3,328,-0.4,225,-2.1,355,-1.5,335,-0.4,15
2026,,Howard,MEAC,,,,,,,,,,,154,-1.9,331,1.33,211,27.6,283,6.2,76.2,337,-1.8,354,-1.4,319,-2.1,356,-0.3,227,+0.2,307
2026,,Morgan St.,MEAC,,,,,,,,,,,328,-1.9,330,1.10,262,27.7,280,18.3,76.2,338,-0.7,264,-0.3,205,-1.1,306,-1.3,324,-1.3,213
2026,,North Dakota St.,Sum,,,,,,,,,,,333,-0.6,229,1.34,208,30.0,228,17.6,76.2,339,-0.8,286,-0.1,181,-1.5,341,-2.4,362,-1.4,219
2026,,Gardner Webb,BSth,,,,,,,,,,,342,-0.9,262,0.55,353,35.6,84,9.7,76.2,340,-0.9,301,-0.8,264,-1.0,300,-1.8,350,-1.6,281
2026,,Seton Hall,BE,,,,,,,,,,,260,-2.8,353,2.51,15,36.7,56,1.3,76.2,341,-0.7,267,-0.2,200,-1.1,310,-1.3,324,-0.6,334
2026,,Cleveland St.,Horz,,,,,,,,,,,227,-2.8,350,0.93,299,35.7,81,0.0,76.1,342,-1.4,338,-2.2,356,-0.7,272,-0.2,208,-0.4,347
2026,,Niagara,MAAC,,,,,,,,,,,318,-3.2,362,0.66,343,42.4,8,17.1,76.1,343,-0.7,271,-1.3,314,-0.1,187,-0.6,264,-1.2,221
2026,,Eastern Kentucky,ASun,,,,,,,,,,,326,-2.8,354,1.14,253,37.1,51,39.3,76.1,344,-1.1,318,-1.8,345,-0.3,213,-0.3,225,-1.3,67
2026,,New Hampshire,AE,,,,,,,,,,,265,-2.0,337,0.76,334,32.9,145,16.2,76.0,345,-1.1,321,-1.3,307,-1.0,299,-1.7,346,-0.6,227
2026,,Kent St.,MAC,,,,,,,,,,,360,-2.0,338,1.92,70,28.0,273,29.2,76.0,346,-0.5,237,-1.3,309,+0.3,139,-0.9,297,-2.7,133
2026,,Army,PL,,,,,,,,,,,337,-0.2,199,0.95,294,30.2,218,32.7,76.0,347,-1.7,351,-1.0,282,-2.4,364,-1.9,352,-1.4,109
2026,,Lafayette,PL,,,,,,,,,,,362,-3.0,357,1.42,187,21.7,349,54.6,76.0,348,+0.2,141,+0.2,142,+0.2,148,-1.7,347,-2.9,9
2026,,Northwestern St.,Slnd,,,,,,,,,,,306,-0.8,246,1.44,181,36.3,67,45.1,75.9,349,-2.1,362,-2.2,355,-2.0,354,-1.1,309,-1.1,33
2026,,Akron,MAC,,,,,,,,,,,358,-1.2,300,1.66,122,29.2,250,52.2,75.9,350,-1.4,334,-1.5,322,-1.3,321,-1.1,307,-2.1,19
2026,,Chattanooga,SC,,,,,,,,,,,361,-1.2,300,1.41,194,34.3,115,13.0,75.9,351,-0.7,263,+0.2,143,-1.6,344,-2.0,354,-2.8,255
2026,,UT Rio Grande Valley,Slnd,,,,,,,,,,,327,-2.3,346,1.48,169,32.1,172,11.6,75.9,352,-1.3,331,-1.5,321,-1.2,311,-1.2,317,-1.3,268
2026,,North Carolina Central,MEAC,,,,,,,,,,,332,-1.2,299,1.20,238,25.7,316,12.5,75.9,353,-1.7,352,-2.0,351,-1.4,339,-1.5,334,-1.4,262
2026,,Wofford,SC,,,,,,,,,,,317,-0.6,232,0.98,286,29.0,253,14.0,75.9,354,-1.7,350,-1.2,302,-2.1,357,-2.3,361,-1.2,242
2026,,Samford,SC,,,,,,,,,,,355,-1.2,300,1.26,230,28.6,260,2.0,75.8,355,-1.3,332,-0.5,231,-2.2,358,-1.7,345,-2.0,328
2026,,Cal St. Fullerton,BW,,,,,,,,,,,354,-1.2,298,1.08,266,35.4,91,8.8,75.8,356,-1.3,327,-0.7,258,-1.8,350,-2.1,357,-2.0,287
2026,,UNC Greensboro,SC,,,,,,,,,,,351,-2.2,345,0.78,328,29.5,245,1.4,75.8,357,-1.3,330,-1.2,299,-1.4,336,-1.2,316,-1.8,332
2026,,Cornell,Ivy,,,,,,,,,,,213,-0.8,254,1.39,200,38.4,41,51.2,75.7,358,-3.0,365,-3.3,365,-2.6,365,-1.3,324,-0.3,22
2026,,Navy,PL,,,,,,,,,,,359,-2.2,341,2.34,30,21.5,350,81.1,75.7,359,-0.7,270,+0.8,82,-2.2,360,-2.3,360,-2.6,1
2026,,Chicago St.,NEC,,,,,,,,,,,303,-3.3,363,1.31,217,38.9,34,7.0,75.7,360,-1.8,355,-2.3,361,-1.3,330,-0.6,270,-1.1,303
2026,,Tarleton St.,WAC,,,,,,,,,,,349,-2.0,336,1.31,219,44.2,7,22.2,75.5,361,-1.9,357,-2.2,357,-1.6,345,-1.6,339,-1.8,188
2026,,Stephen F. Austin,Slnd,,,,,,,,,,,347,-0.5,223,1.42,188,30.5,209,27.3,75.5,362,-2.0,360,-1.6,336,-2.4,363,-3.0,365,-1.8,152
2026,,Manhattan,MAAC,,,,,,,,,,,363,-2.9,356,1.58,143,22.2,347,39.2,75.4,363,-1.1,320,-1.0,284,-1.1,308,-1.9,353,-3.0,68
2026,,Liberty,CUSA,,,,,,,,,,,365,-3.1,359,2.85,3,15.6,362,52.6,75.2,364,-1.5,342,-1.7,339,-1.2,318,-1.6,341,-3.5,16
2026,,Mercyhurst,NEC,,,,,,,,,,,356,-2.0,334,0.74,337,31.4,189,41.8,74.9,365,-2.6,364,-2.9,364,-2.3,361,-2.9,364,-2.0,50
